ev,het,datum,sz1,sz2,sz3,sz4,sz5
2026,13,2026.03.28.,20,37,42,46,76
2026,12,2026.03.21.,7,18,22,52,89
2026,11,2026.03.14.,17,19,81,82,90
2026,10,2026.03.07.,1,14,51,60,64
2026,9,2026.02.28.,5,17,37,51,59
2026,8,2026.02.21.,9,12,26,47,49
2026,7,2026.02.14.,16,32,35,58,59
2026,6,2026.02.07.,11,17,53,86,88
2026,5,2026.01.31.,9,25,44,45,55
2026,4,2026.01.24.,29,75,80,83,88
2026,3,2026.01.17.,1,33,39,52,88
2026,2,2026.01.10.,6,13,51,56,59
2026,1,2026.01.03.,3,14,19,34,42
2025,52,2026.01.01.,17,28,36,70,82
2025,51,2025.12.20.,10,34,55,56,57
2025,50,2025.12.13.,24,25,34,56,58
2025,49,2025.12.06.,28,44,52,64,86
2025,48,2025.11.29.,17,19,24,39,65
2025,47,2025.11.22.,16,22,37,74,81
2025,46,2025.11.15.,26,46,55,64,66
2025,45,2025.11.08.,6,12,24,30,79
2025,44,2025.11.01.,11,20,29,42,55
2025,43,2025.10.25.,12,30,49,51,66
2025,42,2025.10.18.,3,25,32,55,74
2025,41,2025.10.11.,11,15,31,75,79
2025,40,2025.10.04.,7,8,39,41,49
2025,39,2025.09.27.,5,14,26,31,54
2025,38,2025.09.20.,15,35,72,77,90
2025,37,2025.09.13.,4,7,36,86,90
2025,36,2025.09.06.,2,18,40,45,47
2025,35,2025.08.30.,7,17,35,50,77
2025,34,2025.08.23.,6,24,77,88,89
2025,33,2025.08.16.,6,23,39,59,61
2025,32,2025.08.09.,6,24,42,53,61
2025,31,2025.08.02.,3,55,81,83,85
2025,30,2025.07.26.,2,17,27,29,55
2025,29,2025.07.19.,10,36,39,47,72
2025,28,2025.07.12.,16,23,50,52,74
2025,27,2025.07.05.,4,12,21,76,79
2025,26,2025.06.28.,18,56,61,63,75
2025,25,2025.06.21.,46,48,79,81,83
2025,24,2025.06.14.,2,17,37,44,78
2025,23,2025.06.07.,8,13,36,77,82
2025,22,2025.05.31.,5,8,14,72,85
2025,21,2025.05.24.,20,28,52,55,70
2025,20,2025.05.17.,7,22,26,33,50
2025,19,2025.05.10.,4,11,73,77,87
2025,18,2025.05.03.,6,32,49,62,71
2025,17,2025.04.26.,15,26,35,74,90
2025,16,2025.04.19.,4,17,49,55,56
2025,15,2025.04.12.,9,41,49,52,85
2025,14,2025.04.05.,2,29,55,81,89
2025,13,2025.03.29.,29,37,68,79,83
2025,12,2025.03.22.,8,35,39,47,77
2025,11,2025.03.15.,4,13,16,31,77
2025,10,2025.03.08.,8,11,22,53,64
2025,9,2025.03.01.,7,28,48,59,90
2025,8,2025.02.22.,1,15,34,50,89
2025,7,2025.02.15.,10,42,57,65,81
2025,6,2025.02.08.,56,61,66,72,76
2025,5,2025.02.01.,2,3,7,26,79
2025,4,2025.01.25.,1,7,25,52,59
2025,3,2025.01.18.,10,29,34,43,83
2025,2,2025.01.11.,2,21,28,58,84
2025,1,2025.01.04.,16,33,46,55,86
2024,52,2024.12.28.,28,56,57,59,80
2024,51,2024.12.21.,19,34,49,51,81
2024,50,2024.12.14.,13,41,49,53,58
2024,49,2024.12.07.,4,29,35,55,68
2024,48,2024.11.30.,27,33,64,67,85
2024,47,2024.11.23.,13,23,40,68,87
2024,46,2024.11.16.,3,39,65,73,77
2024,45,2024.11.09.,3,40,50,53,80
2024,44,2024.11.02.,21,48,51,52,77
2024,43,2024.10.26.,17,20,29,30,44
2024,42,2024.10.19.,3,10,12,13,33
2024,41,2024.10.12.,17,61,66,72,88
2024,40,2024.10.05.,20,44,72,73,82
2024,39,2024.09.28.,28,40,46,50,76
2024,38,2024.09.21.,17,20,28,34,86
2024,37,2024.09.14.,2,52,81,86,89
2024,36,2024.09.07.,6,7,26,47,58
2024,35,2024.08.31.,5,23,25,31,40
2024,34,2024.08.24.,8,31,51,78,80
2024,33,2024.08.17.,9,21,51,54,74
2024,32,2024.08.10.,45,46,54,58,87
2024,31,2024.08.03.,5,39,45,62,88
2024,30,2024.07.27.,2,7,47,77,89
2024,29,2024.07.20.,28,29,56,71,83
2024,28,2024.07.13.,15,39,42,51,70
2024,27,2024.07.06.,37,41,66,79,87
2024,26,2024.06.29.,7,12,35,59,78
2024,25,2024.06.22.,36,51,57,72,89
2024,24,2024.06.15.,44,85,86,87,88
2024,23,2024.06.08.,19,41,60,77,81
2024,22,2024.06.01.,1,50,53,79,80
2024,21,2024.05.25.,39,41,56,58,64
2024,20,2024.05.18.,8,31,59,60,72
2024,19,2024.05.11.,17,34,60,80,82
2024,18,2024.05.04.,9,28,76,77,83
2024,17,2024.04.27.,13,34,35,58,69
2024,16,2024.04.20.,13,37,38,64,83
2024,15,2024.04.13.,13,19,48,51,71
2024,14,2024.04.06.,1,4,43,64,76
2024,13,2024.03.30.,5,15,34,38,59
2024,12,2024.03.23.,4,9,12,38,78
2024,11,2024.03.16.,38,44,54,56,63
2024,10,2024.03.09.,28,54,68,71,77
2024,9,2024.03.02.,41,45,46,53,64
2024,8,2024.02.24.,4,15,47,59,83
2024,7,2024.02.17.,14,34,46,81,84
2024,6,2024.02.10.,30,45,59,70,84
2024,5,2024.02.03.,50,54,62,75,80
2024,4,2024.01.27.,21,37,51,64,83
2024,3,2024.01.20.,2,32,34,36,39
2024,2,2024.01.13.,13,29,32,56,70
2024,1,2024.01.06.,2,12,23,72,75
2023,52,2023.12.30.,3,54,63,79,81
2023,51,2023.12.23.,7,26,38,49,77
2023,50,2023.12.16.,18,29,33,36,89
2023,49,2023.12.09.,2,4,22,62,82
2023,48,2023.12.02.,3,6,30,51,68
2023,47,2023.11.25.,12,26,51,63,74
2023,46,2023.11.18.,3,14,25,76,89
2023,45,2023.11.11.,42,49,55,77,89
2023,44,2023.11.04.,4,17,68,80,84
2023,43,2023.10.28.,5,8,47,55,87
2023,42,2023.10.21.,10,17,48,73,74
2023,41,2023.10.14.,5,20,24,74,77
2023,40,2023.10.07.,9,10,33,54,75
2023,39,2023.09.30.,17,32,47,72,82
2023,38,2023.09.23.,14,18,25,41,86
2023,37,2023.09.16.,3,24,28,56,87
2023,36,2023.09.09.,51,61,63,67,75
2023,35,2023.09.02.,9,46,47,61,86
2023,34,2023.08.26.,7,8,14,20,47
2023,33,2023.08.19.,22,46,53,56,67
2023,32,2023.08.12.,16,65,68,70,90
2023,31,2023.08.05.,1,4,33,43,65
2023,30,2023.07.29.,10,22,23,50,61
2023,29,2023.07.22.,20,25,30,35,73
2023,28,2023.07.15.,27,56,75,76,81
2023,27,2023.07.08.,4,17,55,67,89
2023,26,2023.07.01.,18,42,44,48,86
2023,25,2023.06.24.,25,36,38,51,89
2023,24,2023.06.17.,12,37,50,74,77
2023,23,2023.06.10.,24,27,50,54,71
2023,22,2023.06.03.,29,35,36,48,83
2023,21,2023.05.27.,15,26,29,50,70
2023,20,2023.05.20.,1,20,42,43,62
2023,19,2023.05.13.,35,39,80,88,90
2023,18,2023.05.06.,7,11,15,55,74
2023,17,2023.04.29.,7,13,28,47,58
2023,16,2023.04.22.,10,17,25,30,83
2023,15,2023.04.15.,15,27,54,62,76
2023,14,2023.04.08.,19,38,53,58,71
2023,13,2023.04.01.,6,9,35,79,85
2023,12,2023.03.25.,13,24,34,45,59
2023,11,2023.03.18.,27,50,65,67,83
2023,10,2023.03.11.,25,40,48,68,82
2023,9,2023.03.04.,2,4,44,48,73
2023,8,2023.02.25.,2,43,72,74,82
2023,7,2023.02.18.,28,37,53,68,84
2023,6,2023.02.11.,10,32,40,70,82
2023,5,2023.02.04.,8,15,20,32,34
2023,4,2023.01.28.,20,51,54,59,86
2023,3,2023.01.21.,11,36,39,68,84
2023,2,2023.01.14.,16,25,32,72,85
2023,1,2023.01.07.,20,58,72,80,90
2022,52,2023.01.01.,5,32,36,48,61
2022,51,2022.12.24.,2,4,43,53,70
2022,50,2022.12.17.,5,39,51,83,84
2022,49,2022.12.10.,5,20,37,75,78
2022,48,2022.12.03.,8,27,60,71,75
2022,47,2022.11.26.,4,18,39,41,54
2022,46,2022.11.19.,5,21,32,38,81
2022,45,2022.11.12.,16,30,32,58,79
2022,44,2022.11.05.,15,35,37,46,72
2022,43,2022.10.29.,2,3,22,42,55
2022,42,2022.10.22.,4,8,12,40,44
2022,41,2022.10.15.,1,7,39,40,58
2022,40,2022.10.08.,18,33,36,48,60
2022,39,2022.10.01.,12,22,24,49,65
2022,38,2022.09.24.,3,16,21,43,60
2022,37,2022.09.17.,7,15,19,33,71
2022,36,2022.09.10.,7,10,33,34,78
2022,35,2022.09.03.,15,31,60,67,76
2022,34,2022.08.27.,12,19,32,47,59
2022,33,2022.08.20.,5,17,31,61,68
2022,32,2022.08.13.,18,41,42,48,52
2022,31,2022.08.06.,24,38,50,75,76
2022,30,2022.07.30.,12,19,20,34,36
2022,29,2022.07.23.,49,51,54,62,83
2022,28,2022.07.16.,30,45,56,62,71
2022,27,2022.07.09.,11,35,44,47,77
2022,26,2022.07.02.,1,36,42,57,79
2022,25,2022.06.25.,7,27,30,34,68
2022,24,2022.06.18.,12,22,26,27,31
2022,23,2022.06.11.,4,19,30,58,71
2022,22,2022.06.04.,14,36,38,45,55
2022,21,2022.05.28.,16,19,31,41,61
2022,20,2022.05.21.,12,24,33,75,90
2022,19,2022.05.14.,3,15,40,46,55
2022,18,2022.05.07.,9,53,57,70,72
2022,17,2022.04.30.,2,30,41,45,88
2022,16,2022.04.23.,41,54,64,81,83
2022,15,2022.04.16.,1,25,35,43,49
2022,14,2022.04.09.,9,40,57,70,90
2022,13,2022.04.02.,4,8,10,55,66
2022,12,2022.03.26.,11,21,22,31,73
2022,11,2022.03.19.,27,50,73,74,84
2022,10,2022.03.12.,4,11,14,40,44
2022,9,2022.03.05.,21,47,52,72,90
2022,8,2022.02.26.,13,25,33,37,90
2022,7,2022.02.19.,30,33,36,66,87
2022,6,2022.02.12.,20,42,61,63,81
2022,5,2022.02.05.,6,50,57,65,76
2022,4,2022.01.29.,11,15,16,42,48
2022,3,2022.01.22.,4,6,15,32,83
2022,2,2022.01.15.,21,49,53,59,79
2022,1,2022.01.08.,3,17,36,66,80
2021,52,2022.01.01.,6,25,47,55,86
2021,51,2021.12.25.,5,31,34,42,63
2021,50,2021.12.18.,2,13,33,60,62
2021,49,2021.12.11.,5,12,33,56,64
2021,48,2021.12.04.,4,17,52,56,71
2021,47,2021.11.27.,42,48,53,57,64
2021,46,2021.11.20.,13,22,27,32,35
2021,45,2021.11.13.,25,52,72,76,90
2021,44,2021.11.06.,4,29,65,69,79
2021,43,2021.10.30.,6,12,54,64,74
2021,42,2021.10.23.,5,14,24,34,79
2021,41,2021.10.16.,22,49,64,73,86
2021,40,2021.10.09.,6,15,30,65,72
2021,39,2021.10.02.,17,25,30,31,48
2021,38,2021.09.25.,9,20,64,70,76
2021,37,2021.09.18.,51,54,57,74,89
2021,36,2021.09.11.,15,36,50,55,65
2021,35,2021.09.04.,16,32,49,73,77
2021,34,2021.08.28.,3,13,30,32,38
2021,33,2021.08.21.,28,43,45,47,62
2021,32,2021.08.14.,7,51,55,59,86
2021,31,2021.08.07.,10,37,42,56,74
2021,30,2021.07.31.,16,37,38,41,69
2021,29,2021.07.24.,29,63,71,75,77
2021,28,2021.07.17.,27,34,38,51,62
2021,27,2021.07.10.,1,11,37,49,75
2021,26,2021.07.03.,1,16,29,30,58
2021,25,2021.06.26.,5,27,41,49,63
2021,24,2021.06.19.,49,70,75,78,79
2021,23,2021.06.12.,5,13,16,81,87
2021,22,2021.06.05.,9,32,47,72,81
2021,21,2021.05.29.,21,49,50,58,84
2021,20,2021.05.22.,8,21,57,77,80
2021,19,2021.05.15.,26,33,44,73,85
2021,18,2021.05.08.,3,28,62,76,90
2021,17,2021.05.01.,10,39,65,70,90
2021,16,2021.04.24.,13,17,34,50,61
2021,15,2021.04.17.,40,42,45,50,86
2021,14,2021.04.10.,3,20,36,41,55
2021,13,2021.04.03.,6,32,39,44,76
2021,12,2021.03.27.,29,34,69,86,89
2021,11,2021.03.20.,15,32,73,78,83
2021,10,2021.03.13.,1,36,51,59,62
2021,9,2021.03.06.,3,9,26,39,86
2021,8,2021.02.27.,32,45,51,73,75
2021,7,2021.02.20.,5,50,53,55,56
2021,6,2021.02.13.,26,45,48,78,79
2021,5,2021.02.06.,11,24,30,45,66
2021,4,2021.01.30.,3,9,19,41,55
2021,3,2021.01.23.,22,34,52,63,85
2021,2,2021.01.16.,19,23,45,57,78
2021,1,2021.01.09.,19,32,34,37,39
2020,53,2021.01.02.,7,45,65,86,88
2020,52,2020.12.26.,11,14,22,48,85
2020,51,2020.12.19.,2,19,27,29,86
2020,50,2020.12.12.,7,37,39,67,72
2020,49,2020.12.05.,4,7,28,58,77
2020,48,2020.11.28.,38,43,48,64,75
2020,47,2020.11.21.,15,32,42,54,75
2020,46,2020.11.14.,8,13,30,61,68
2020,45,2020.11.07.,15,37,65,68,73
2020,44,2020.10.31.,3,62,71,77,78
2020,43,2020.10.24.,1,12,54,55,67
2020,42,2020.10.17.,4,15,48,64,88
2020,41,2020.10.10.,3,12,27,38,47
2020,40,2020.10.03.,20,36,54,72,76
2020,39,2020.09.26.,8,23,72,80,90
2020,38,2020.09.19.,5,24,28,34,58
2020,37,2020.09.12.,2,24,61,75,85
2020,36,2020.09.05.,11,15,16,27,60
2020,35,2020.08.29.,34,50,55,63,66
2020,34,2020.08.22.,8,25,72,80,90
2020,33,2020.08.15.,12,13,28,45,49
2020,32,2020.08.08.,17,18,55,59,67
2020,31,2020.08.01.,13,42,51,82,89
2020,30,2020.07.25.,1,16,58,76,87
2020,29,2020.07.18.,12,32,48,75,88
2020,28,2020.07.11.,19,21,26,37,88
2020,27,2020.07.04.,16,53,66,68,69
2020,26,2020.06.27.,2,14,15,43,65
2020,25,2020.06.20.,5,8,12,16,68
2020,24,2020.06.13.,5,18,31,44,80
2020,23,2020.06.06.,18,31,56,68,83
2020,22,2020.05.30.,32,36,55,64,68
2020,21,2020.05.23.,2,23,29,62,87
2020,20,2020.05.16.,30,54,55,81,89
2020,19,2020.05.09.,30,57,58,61,86
2020,18,2020.05.02.,8,47,50,87,89
2020,17,2020.04.25.,34,45,66,84,87
2020,16,2020.04.18.,1,25,64,71,83
2020,15,2020.04.11.,35,45,50,62,65
2020,14,2020.04.04.,31,57,66,80,83
2020,13,2020.03.28.,20,33,39,50,64
2020,12,2020.03.21.,40,48,59,60,64
2020,11,2020.03.14.,12,20,30,41,77
2020,10,2020.03.07.,37,52,54,81,89
2020,9,2020.02.29.,13,15,17,23,37
2020,8,2020.02.22.,16,31,58,75,77
2020,7,2020.02.15.,28,41,52,57,86
2020,6,2020.02.08.,6,22,49,64,65
2020,5,2020.02.01.,5,18,63,76,80
2020,4,2020.01.25.,3,8,23,51,56
2020,3,2020.01.18.,18,23,56,57,73
2020,2,2020.01.11.,48,54,63,82,88
2020,1,2020.01.04.,4,27,53,67,68
2019,52,2019.12.28.,31,44,46,71,84
2019,51,2019.12.21.,2,29,53,70,82
2019,50,2019.12.14.,28,34,54,62,84
2019,49,2019.12.07.,15,17,63,72,90
2019,48,2019.11.30.,9,15,29,49,83
2019,47,2019.11.23.,5,20,67,71,83
2019,46,2019.11.16.,17,19,37,61,70
2019,45,2019.11.09.,4,6,10,45,59
2019,44,2019.11.02.,11,12,49,64,68
2019,43,2019.10.26.,17,20,41,45,85
2019,42,2019.10.19.,2,14,24,36,54
2019,41,2019.10.12.,9,29,56,70,82
2019,40,2019.10.05.,14,33,60,78,83
2019,39,2019.09.28.,14,31,39,41,71
2019,38,2019.09.21.,35,59,74,83,89
2019,37,2019.09.14.,40,62,63,75,83
2019,36,2019.09.07.,4,10,21,45,81
2019,35,2019.08.31.,28,41,43,44,46
2019,34,2019.08.24.,4,12,16,39,90
2019,33,2019.08.17.,1,15,61,79,87
2019,32,2019.08.10.,24,37,40,43,50
2019,31,2019.08.03.,15,21,67,75,81
2019,30,2019.07.27.,16,25,26,50,75
2019,29,2019.07.20.,12,21,24,33,88
2019,28,2019.07.13.,1,6,27,28,54
2019,27,2019.07.06.,27,32,37,73,85
2019,26,2019.06.29.,4,10,24,55,77
2019,25,2019.06.22.,1,12,16,43,56
2019,24,2019.06.15.,22,28,59,72,89
2019,23,2019.06.08.,26,31,35,65,87
2019,22,2019.06.01.,1,23,29,58,84
2019,21,2019.05.25.,22,33,47,51,66
2019,20,2019.05.18.,1,15,25,46,63
2019,19,2019.05.11.,6,22,71,88,90
2019,18,2019.05.04.,11,30,36,67,83
2019,17,2019.04.27.,1,14,68,75,76
2019,16,2019.04.20.,14,21,53,60,90
2019,15,2019.04.13.,6,27,31,47,84
2019,14,2019.04.06.,17,45,53,86,87
2019,13,2019.03.30.,15,20,22,28,65
2019,12,2019.03.23.,7,17,42,53,76
2019,11,2019.03.16.,4,13,58,74,79
2019,10,2019.03.09.,3,27,72,75,78
2019,9,2019.03.02.,32,55,61,73,88
2019,8,2019.02.23.,11,27,46,48,87
2019,7,2019.02.16.,37,38,58,59,68
2019,6,2019.02.09.,2,8,18,25,65
2019,5,2019.02.02.,8,24,38,68,78
2019,4,2019.01.26.,45,67,79,86,88
2019,3,2019.01.19.,3,17,34,50,89
2019,2,2019.01.12.,5,7,36,76,82
2019,1,2019.01.05.,4,8,25,57,65
2018,52,2018.12.29.,3,18,43,55,74
2018,51,2018.12.22.,16,26,28,46,49
2018,50,2018.12.15.,4,7,47,53,75
2018,49,2018.12.08.,1,25,26,50,66
2018,48,2018.12.01.,24,45,54,65,76
2018,47,2018.11.24.,12,19,20,43,61
2018,46,2018.11.17.,3,64,73,78,84
2018,45,2018.11.10.,15,18,22,33,90
2018,44,2018.11.03.,15,70,76,77,87
2018,43,2018.10.27.,3,8,49,68,76
2018,42,2018.10.20.,9,13,27,81,87
2018,41,2018.10.13.,9,20,44,50,70
2018,40,2018.10.06.,6,22,28,42,49
2018,39,2018.09.29.,13,25,35,39,44
2018,38,2018.09.22.,38,43,48,53,69
2018,37,2018.09.15.,14,28,30,52,84
2018,36,2018.09.08.,1,3,43,67,68
2018,35,2018.09.01.,4,12,31,59,61
2018,34,2018.08.25.,28,29,48,65,86
2018,33,2018.08.18.,7,27,42,66,80
2018,32,2018.08.11.,17,37,43,66,68
2018,31,2018.08.04.,4,27,30,41,56
2018,30,2018.07.28.,1,42,48,86,88
2018,29,2018.07.21.,10,13,15,31,38
2018,28,2018.07.14.,4,12,24,68,84
2018,27,2018.07.07.,4,17,46,78,83
2018,26,2018.06.30.,19,41,43,61,75
2018,25,2018.06.23.,21,32,61,65,77
2018,24,2018.06.16.,38,39,40,73,83
2018,23,2018.06.09.,20,21,25,39,57
2018,22,2018.06.02.,10,13,26,64,67
2018,21,2018.05.26.,15,26,51,74,89
2018,20,2018.05.19.,3,43,59,62,69
2018,19,2018.05.12.,4,18,56,71,80
2018,18,2018.05.05.,5,11,18,67,89
2018,17,2018.04.28.,11,23,37,55,72
2018,16,2018.04.21.,4,14,27,63,65
2018,15,2018.04.14.,19,27,31,37,81
2018,14,2018.04.07.,25,36,38,79,84
2018,13,2018.03.31.,13,14,16,29,43
2018,12,2018.03.24.,22,28,31,49,78
2018,11,2018.03.17.,1,23,42,62,71
2018,10,2018.03.10.,12,60,67,70,85
2018,9,2018.03.03.,28,50,77,78,85
2018,8,2018.02.24.,9,11,32,40,55
2018,7,2018.02.17.,10,32,42,43,46
2018,6,2018.02.10.,59,64,67,73,74
2018,5,2018.02.03.,3,20,53,79,88
2018,4,2018.01.27.,39,40,68,72,73
2018,3,2018.01.20.,1,5,34,45,46
2018,2,2018.01.13.,15,45,62,78,79
2018,1,2018.01.06.,17,24,37,49,82
2017,52,2017.12.30.,1,8,17,50,77
2017,51,2017.12.23.,55,67,70,71,73
2017,50,2017.12.16.,1,4,31,40,83
2017,49,2017.12.09.,16,39,42,45,78
2017,48,2017.12.02.,1,3,23,58,70
2017,47,2017.11.25.,1,20,26,54,55
2017,46,2017.11.18.,1,16,47,61,75
2017,45,2017.11.11.,5,18,47,61,85
2017,44,2017.11.04.,18,22,50,54,79
2017,43,2017.10.28.,15,41,50,71,76
2017,42,2017.10.21.,5,32,47,62,88
2017,41,2017.10.14.,1,21,35,42,90
2017,40,2017.10.07.,8,38,62,69,70
2017,39,2017.09.30.,10,18,83,87,89
2017,38,2017.09.23.,14,58,59,78,85
2017,37,2017.09.16.,34,43,51,67,80
2017,36,2017.09.09.,18,23,54,63,82
2017,35,2017.09.02.,27,31,47,87,89
2017,34,2017.08.26.,34,36,59,69,90
2017,33,2017.08.19.,3,7,19,39,50
2017,32,2017.08.12.,21,33,68,75,89
2017,31,2017.08.05.,7,8,25,29,76
2017,30,2017.07.29.,39,46,47,78,85
2017,29,2017.07.22.,22,30,35,61,71
2017,28,2017.07.15.,1,9,25,73,89
2017,27,2017.07.08.,33,54,66,68,72
2017,26,2017.07.01.,7,31,34,55,60
2017,25,2017.06.24.,5,9,52,59,85
2017,24,2017.06.17.,21,43,62,66,84
2017,23,2017.06.10.,6,44,46,55,81
2017,22,2017.06.03.,21,53,59,71,86
2017,21,2017.05.27.,15,24,35,53,71
2017,20,2017.05.20.,48,56,58,65,70
2017,19,2017.05.13.,5,34,45,54,55
2017,18,2017.05.06.,6,7,46,65,88
2017,17,2017.04.29.,5,31,41,44,63
2017,16,2017.04.22.,47,48,56,67,90
2017,15,2017.04.15.,58,59,71,85,89
2017,14,2017.04.08.,14,43,49,76,85
2017,13,2017.04.01.,7,12,32,38,82
2017,12,2017.03.25.,2,3,35,41,79
2017,11,2017.03.18.,1,4,59,65,85
2017,10,2017.03.11.,1,4,40,49,67
2017,9,2017.03.04.,3,28,37,44,46
2017,8,2017.02.25.,10,12,13,64,79
2017,7,2017.02.18.,51,61,64,74,79
2017,6,2017.02.11.,3,5,13,62,87
2017,5,2017.02.04.,4,39,49,60,62
2017,4,2017.01.28.,3,19,64,66,77
2017,3,2017.01.21.,17,20,59,78,81
2017,2,2017.01.14.,3,6,67,72,76
2017,1,2017.01.07.,9,11,43,57,88
2016,52,2017.01.01.,25,42,45,52,86
2016,51,2016.12.23.,8,35,60,67,84
2016,50,2016.12.17.,26,27,30,73,85
2016,49,2016.12.10.,10,14,25,51,71
2016,48,2016.12.03.,7,63,69,76,85
2016,47,2016.11.26.,33,43,58,60,77
2016,46,2016.11.19.,8,9,19,37,43
2016,45,2016.11.12.,1,11,45,67,78
2016,44,2016.11.05.,7,53,65,73,87
2016,43,2016.10.29.,53,55,67,79,80
2016,42,2016.10.22.,14,34,43,52,78
2016,41,2016.10.15.,17,22,47,73,90
2016,40,2016.10.08.,23,36,38,57,76
2016,39,2016.10.01.,1,23,37,49,60
2016,38,2016.09.24.,8,29,59,77,89
2016,37,2016.09.17.,1,9,17,18,89
2016,36,2016.09.10.,9,16,78,83,86
2016,35,2016.09.03.,4,13,47,76,78
2016,34,2016.08.27.,22,29,53,62,74
2016,33,2016.08.20.,39,41,46,47,60
2016,32,2016.08.13.,13,14,21,34,84
2016,31,2016.08.06.,15,24,27,29,40
2016,30,2016.07.30.,16,55,60,67,76
2016,29,2016.07.23.,32,43,60,74,79
2016,28,2016.07.16.,10,42,60,78,82
2016,27,2016.07.09.,40,47,52,57,83
2016,26,2016.07.02.,1,9,11,19,41
2016,25,2016.06.25.,29,54,63,78,83
2016,24,2016.06.18.,2,39,69,72,74
2016,23,2016.06.11.,3,7,32,41,58
2016,22,2016.06.04.,22,42,62,82,84
2016,21,2016.05.28.,4,27,41,72,88
2016,20,2016.05.21.,9,10,36,50,78
2016,19,2016.05.14.,6,18,51,59,64
2016,18,2016.05.07.,22,24,43,64,90
2016,17,2016.04.30.,43,45,56,66,82
2016,16,2016.04.23.,24,36,44,63,68
2016,15,2016.04.16.,8,33,57,62,66
2016,14,2016.04.09.,5,22,25,67,87
2016,13,2016.04.02.,1,23,27,42,84
2016,12,2016.03.26.,16,38,54,84,90
2016,11,2016.03.19.,15,36,45,58,72
2016,10,2016.03.12.,28,30,35,56,84
2016,9,2016.03.05.,38,39,52,79,85
2016,8,2016.02.27.,27,35,51,57,59
2016,7,2016.02.20.,24,43,44,48,58
2016,6,2016.02.13.,11,15,23,43,87
2016,5,2016.02.06.,11,15,26,39,78
2016,4,2016.01.30.,48,55,62,69,80
2016,3,2016.01.23.,11,27,55,68,80
2016,2,2016.01.16.,7,18,53,54,85
2016,1,2016.01.09.,3,50,52,59,74
2015,53,2016.01.02.,27,30,35,56,68
2015,52,2015.12.26.,3,9,38,42,85
2015,51,2015.12.19.,15,21,78,87,89
2015,50,2015.12.12.,34,38,45,62,90
2015,49,2015.12.05.,22,24,35,63,68
2015,48,2015.11.28.,9,50,72,76,89
2015,47,2015.11.21.,31,53,57,60,83
2015,46,2015.11.14.,10,25,38,46,50
2015,45,2015.11.07.,41,45,51,54,86
2015,44,2015.10.31.,18,24,30,43,79
2015,43,2015.10.24.,2,18,45,51,70
2015,42,2015.10.17.,2,5,17,24,72
2015,41,2015.10.10.,14,54,60,78,81
2015,40,2015.10.03.,5,10,23,51,58
2015,39,2015.09.26.,10,57,70,75,87
2015,38,2015.09.19.,4,38,42,64,74
2015,37,2015.09.12.,8,50,69,72,87
2015,36,2015.09.05.,20,26,38,41,58
2015,35,2015.08.29.,1,19,70,80,81
2015,34,2015.08.22.,17,20,32,76,84
2015,33,2015.08.15.,2,13,67,70,86
2015,32,2015.08.08.,33,52,67,77,87
2015,31,2015.08.01.,3,32,50,59,65
2015,30,2015.07.25.,3,34,46,62,79
2015,29,2015.07.18.,2,5,37,57,67
2015,28,2015.07.11.,10,18,26,36,38
2015,27,2015.07.04.,1,48,61,62,79
2015,26,2015.06.27.,19,30,43,58,69
2015,25,2015.06.20.,27,29,47,59,89
2015,24,2015.06.13.,3,26,28,42,49
2015,23,2015.06.06.,15,16,36,60,70
2015,22,2015.05.30.,18,55,56,83,90
2015,21,2015.05.23.,12,25,30,46,51
2015,20,2015.05.16.,1,19,20,27,34
2015,19,2015.05.09.,18,37,44,52,76
2015,18,2015.05.02.,8,65,67,69,82
2015,17,2015.04.25.,2,50,55,65,84
2015,16,2015.04.18.,25,56,57,81,86
2015,15,2015.04.11.,21,23,29,46,48
2015,14,2015.04.04.,2,33,38,70,77
2015,13,2015.03.28.,6,18,35,74,90
2015,12,2015.03.21.,18,31,36,52,59
2015,11,2015.03.14.,11,41,42,45,77
2015,10,2015.03.07.,13,17,19,46,60
2015,9,2015.02.28.,18,19,22,62,67
2015,8,2015.02.21.,1,45,64,73,86
2015,7,2015.02.14.,18,31,46,49,85
2015,6,2015.02.07.,18,27,52,57,73
2015,5,2015.01.31.,27,35,42,55,71
2015,4,2015.01.24.,3,50,55,57,58
2015,3,2015.01.17.,63,68,69,75,86
2015,2,2015.01.10.,5,19,23,25,67
2015,1,2015.01.03.,46,54,55,70,85
2014,52,2014.12.27.,10,11,29,35,48
2014,51,2014.12.20.,6,7,40,57,67
2014,50,2014.12.13.,3,4,55,56,69
2014,49,2014.12.06.,7,19,23,44,66
2014,48,2014.11.29.,37,45,59,65,76
2014,47,2014.11.22.,25,38,43,57,72
2014,46,2014.11.15.,9,19,57,61,62
2014,45,2014.11.08.,14,30,51,62,78
2014,44,2014.11.01.,37,62,66,85,90
2014,43,2014.10.25.,27,49,72,79,81
2014,42,2014.10.18.,10,17,61,63,73
2014,41,2014.10.11.,4,31,38,75,89
2014,40,2014.10.04.,8,14,19,30,34
2014,39,2014.09.27.,27,32,36,39,57
2014,38,2014.09.20.,2,7,12,25,76
2014,37,2014.09.13.,7,39,40,58,68
2014,36,2014.09.06.,3,16,27,45,81
2014,35,2014.08.30.,19,53,60,66,67
2014,34,2014.08.23.,24,36,63,70,84
2014,33,2014.08.16.,6,52,57,68,86
2014,32,2014.08.09.,20,28,47,51,71
2014,31,2014.08.02.,23,60,76,84,86
2014,30,2014.07.26.,6,15,22,33,44
2014,29,2014.07.19.,13,21,44,47,52
2014,28,2014.07.12.,13,47,68,70,86
2014,27,2014.07.05.,45,52,59,69,81
2014,26,2014.06.28.,12,26,65,66,83
2014,25,2014.06.21.,3,35,37,43,52
2014,24,2014.06.14.,1,11,19,31,37
2014,23,2014.06.07.,2,3,32,59,73
2014,22,2014.05.31.,16,27,45,53,70
2014,21,2014.05.24.,30,55,59,71,80
2014,20,2014.05.17.,2,27,28,32,90
2014,19,2014.05.10.,12,38,45,66,76
2014,18,2014.05.03.,4,7,19,58,63
2014,17,2014.04.26.,11,16,39,49,74
2014,16,2014.04.19.,29,40,46,72,90
2014,15,2014.04.12.,5,20,22,49,70
2014,14,2014.04.05.,4,20,28,40,53
2014,13,2014.03.29.,19,20,30,43,65
2014,12,2014.03.22.,23,26,27,86,87
2014,11,2014.03.15.,5,10,54,59,80
2014,10,2014.03.08.,3,26,31,46,66
2014,9,2014.03.01.,3,59,63,66,84
2014,8,2014.02.22.,40,44,62,75,84
2014,7,2014.02.15.,2,10,39,44,68
2014,6,2014.02.08.,15,39,42,52,55
2014,5,2014.02.01.,23,32,37,62,79
2014,4,2014.01.25.,15,18,19,29,39
2014,3,2014.01.18.,38,43,48,57,74
2014,2,2014.01.11.,1,12,42,71,85
2014,1,2014.01.04.,24,42,46,47,81
2013,52,2013.12.28.,8,14,24,32,54
2013,51,2013.12.21.,5,15,38,51,76
2013,50,2013.12.14.,43,50,66,78,80
2013,49,2013.12.07.,8,24,51,86,87
2013,48,2013.11.30.,12,30,51,66,73
2013,47,2013.11.23.,11,14,37,57,58
2013,46,2013.11.16.,6,13,34,39,51
2013,45,2013.11.09.,11,59,61,74,80
2013,44,2013.11.02.,20,43,44,46,55
2013,43,2013.10.26.,7,31,36,48,66
2013,42,2013.10.19.,9,17,69,72,85
2013,41,2013.10.12.,30,31,35,43,54
2013,40,2013.10.05.,7,25,34,37,46
2013,39,2013.09.28.,5,31,64,76,86
2013,38,2013.09.21.,17,21,70,77,83
2013,37,2013.09.14.,1,15,48,53,62
2013,36,2013.09.07.,26,66,77,82,87
2013,35,2013.08.31.,15,24,48,59,65
2013,34,2013.08.24.,10,12,22,39,68
2013,33,2013.08.17.,12,25,31,56,57
2013,32,2013.08.10.,42,44,49,70,78
2013,31,2013.08.03.,30,31,39,78,83
2013,30,2013.07.27.,22,59,62,80,90
2013,29,2013.07.20.,16,30,32,49,73
2013,28,2013.07.13.,2,13,15,36,69
2013,27,2013.07.06.,55,68,76,78,81
2013,26,2013.06.29.,14,27,64,70,85
2013,25,2013.06.22.,8,12,38,45,85
2013,24,2013.06.15.,13,15,30,31,41
2013,23,2013.06.08.,13,26,42,79,84
2013,22,2013.06.01.,9,30,39,52,75
2013,21,2013.05.25.,13,50,53,59,70
2013,20,2013.05.18.,23,26,33,53,60
2013,19,2013.05.11.,12,37,62,82,83
2013,18,2013.05.04.,25,39,45,54,65
2013,17,2013.04.27.,20,23,39,70,78
2013,16,2013.04.20.,18,33,53,75,89
2013,15,2013.04.13.,26,39,40,52,53
2013,14,2013.04.06.,1,30,37,55,82
2013,13,2013.03.30.,3,45,56,57,86
2013,12,2013.03.23.,1,15,45,68,70
2013,11,2013.03.16.,2,12,23,57,78
2013,10,2013.03.09.,6,18,26,76,77
2013,9,2013.03.02.,6,15,23,43,68
2013,8,2013.02.23.,2,3,47,61,67
2013,7,2013.02.16.,3,19,41,55,61
2013,6,2013.02.09.,1,31,55,77,88
2013,5,2013.02.02.,7,14,19,37,44
2013,4,2013.01.26.,21,33,43,56,79
2013,3,2013.01.19.,4,20,24,36,39
2013,2,2013.01.12.,4,12,31,75,85
2013,1,2013.01.05.,28,47,58,72,75
2012,52,2012.12.29.,34,41,56,59,61
2012,51,2012.12.22.,5,15,32,52,83
2012,50,2012.12.15.,5,16,70,82,85
2012,49,2012.12.08.,20,31,34,69,84
2012,48,2012.12.01.,15,33,56,60,76
2012,47,2012.11.24.,20,26,59,72,75
2012,46,2012.11.17.,16,24,40,64,73
2012,45,2012.11.10.,9,16,49,54,68
2012,44,2012.11.03.,3,15,19,63,89
2012,43,2012.10.27.,15,18,37,48,72
2012,42,2012.10.20.,47,51,53,57,63
2012,41,2012.10.13.,6,23,41,81,85
2012,40,2012.10.06.,18,28,29,33,59
2012,39,2012.09.29.,2,12,29,68,86
2012,38,2012.09.22.,28,38,52,56,65
2012,37,2012.09.15.,39,62,73,83,90
2012,36,2012.09.08.,1,7,30,44,69
2012,35,2012.09.01.,24,75,83,84,85
2012,34,2012.08.25.,7,26,37,81,88
2012,33,2012.08.18.,11,42,53,64,66
2012,32,2012.08.11.,16,23,26,74,75
2012,31,2012.08.04.,16,22,28,40,54
2012,30,2012.07.28.,7,33,35,83,89
2012,29,2012.07.21.,19,43,46,47,52
2012,28,2012.07.14.,20,44,52,65,83
2012,27,2012.07.07.,17,29,74,76,82
2012,26,2012.06.30.,11,12,31,49,58
2012,25,2012.06.23.,19,24,47,60,88
2012,24,2012.06.16.,19,26,53,60,89
2012,23,2012.06.09.,14,21,22,58,64
2012,22,2012.06.02.,18,20,30,42,51
2012,21,2012.05.26.,23,30,45,56,71
2012,20,2012.05.19.,11,36,43,63,66
2012,19,2012.05.12.,1,25,27,69,81
2012,18,2012.05.05.,21,36,68,69,87
2012,17,2012.04.28.,1,6,23,46,50
2012,16,2012.04.21.,24,25,43,60,85
2012,15,2012.04.14.,1,23,39,50,65
2012,14,2012.04.07.,35,75,80,84,86
2012,13,2012.03.31.,15,17,68,71,89
2012,12,2012.03.24.,5,44,63,73,83
2012,11,2012.03.17.,39,45,57,77,81
2012,10,2012.03.10.,45,67,69,76,88
2012,9,2012.03.03.,2,18,43,48,53
2012,8,2012.02.25.,7,18,59,60,65
2012,7,2012.02.18.,3,29,66,79,83
2012,6,2012.02.11.,40,54,60,64,65
2012,5,2012.02.04.,4,15,24,78,82
2012,4,2012.01.28.,7,21,48,55,82
2012,3,2012.01.21.,10,30,44,65,66
2012,2,2012.01.14.,12,41,59,61,66
2012,1,2012.01.07.,45,56,65,81,83
2011,52,2012.01.01.,19,32,36,52,76
2011,51,2011.12.25.,12,18,25,40,67
2011,50,2011.12.17.,2,4,61,62,89
2011,49,2011.12.10.,4,24,32,46,84
2011,48,2011.12.03.,9,18,45,57,71
2011,47,2011.11.26.,2,6,34,35,76
2011,46,2011.11.19.,4,34,48,66,83
2011,45,2011.11.12.,6,11,40,47,86
2011,44,2011.11.05.,6,26,27,33,75
2011,43,2011.10.29.,4,26,67,68,71
2011,42,2011.10.22.,24,37,39,48,74
2011,41,2011.10.15.,1,4,40,57,70
2011,40,2011.10.08.,33,59,63,76,84
2011,39,2011.10.01.,4,22,32,33,35
2011,38,2011.09.24.,3,20,27,42,51
2011,37,2011.09.17.,16,50,74,76,78
2011,36,2011.09.10.,35,57,74,84,87
2011,35,2011.09.03.,7,10,56,58,84
2011,34,2011.08.27.,35,59,78,85,88
2011,33,2011.08.20.,23,65,75,84,88
2011,32,2011.08.13.,20,56,63,68,84
2011,31,2011.08.06.,7,14,50,68,90
2011,30,2011.07.30.,28,50,64,79,82
2011,29,2011.07.23.,28,55,57,82,83
2011,28,2011.07.16.,4,20,43,52,85
2011,27,2011.07.09.,37,50,65,87,89
2011,26,2011.07.02.,2,22,36,60,76
2011,25,2011.06.25.,15,52,55,71,83
2011,24,2011.06.18.,15,20,37,42,51
2011,23,2011.06.11.,11,42,45,63,76
2011,22,2011.06.04.,2,13,72,83,84
2011,21,2011.05.28.,9,33,42,68,74
2011,20,2011.05.21.,8,10,51,59,74
2011,19,2011.05.14.,22,29,40,48,86
2011,18,2011.05.07.,6,22,23,47,84
2011,17,2011.04.30.,26,39,41,84,88
2011,16,2011.04.23.,1,19,34,51,67
2011,15,2011.04.16.,35,60,74,77,84
2011,14,2011.04.09.,2,34,66,77,82
2011,13,2011.04.02.,24,29,53,71,72
2011,12,2011.03.26.,40,54,73,81,85
2011,11,2011.03.19.,18,41,42,52,89
2011,10,2011.03.12.,17,31,32,53,72
2011,9,2011.03.05.,1,56,69,75,76
2011,8,2011.02.26.,5,22,51,70,72
2011,7,2011.02.19.,15,38,66,70,76
2011,6,2011.02.12.,5,15,36,73,75
2011,5,2011.02.05.,1,2,18,58,74
2011,4,2011.01.29.,12,21,33,57,59
2011,3,2011.01.22.,26,39,70,71,82
2011,2,2011.01.15.,3,10,48,61,76
2011,1,2011.01.08.,5,30,55,70,85
2010,52,2011.01.01.,4,8,31,81,83
2010,51,2010.12.25.,4,17,70,71,75
2010,50,2010.12.18.,11,30,63,66,84
2010,49,2010.12.11.,4,28,38,69,72
2010,48,2010.12.04.,37,45,48,52,74
2010,47,2010.11.27.,2,60,66,73,84
2010,46,2010.11.20.,24,26,39,40,78
2010,45,2010.11.13.,1,15,22,50,80
2010,44,2010.11.06.,15,41,43,45,89
2010,43,2010.10.30.,6,28,38,49,69
2010,42,2010.10.23.,12,23,30,33,61
2010,41,2010.10.16.,2,8,38,44,50
2010,40,2010.10.09.,10,29,62,74,83
2010,39,2010.10.02.,13,19,31,53,73
2010,38,2010.09.25.,26,30,36,41,81
2010,37,2010.09.18.,1,7,14,35,43
2010,36,2010.09.11.,25,32,36,43,63
2010,35,2010.09.04.,15,37,46,55,59
2010,34,2010.08.28.,3,11,16,22,87
2010,33,2010.08.21.,13,19,26,53,73
2010,32,2010.08.14.,39,42,47,81,89
2010,31,2010.08.07.,2,9,11,37,46
2010,30,2010.07.31.,1,3,38,63,72
2010,29,2010.07.24.,11,23,32,66,73
2010,28,2010.07.17.,25,49,76,78,85
2010,27,2010.07.10.,3,53,73,76,89
2010,26,2010.07.03.,14,17,21,28,50
2010,25,2010.06.26.,11,18,26,67,83
2010,24,2010.06.19.,4,44,65,73,89
2010,23,2010.06.12.,31,46,70,74,78
2010,22,2010.06.05.,9,18,76,85,90
2010,21,2010.05.29.,17,19,29,36,78
2010,20,2010.05.22.,4,6,52,77,78
2010,19,2010.05.15.,15,37,51,83,86
2010,18,2010.05.08.,2,30,50,72,84
2010,17,2010.05.01.,24,52,58,61,78
2010,16,2010.04.24.,1,10,42,55,73
2010,15,2010.04.17.,18,36,49,64,80
2010,14,2010.04.10.,18,23,45,53,64
2010,13,2010.04.03.,28,38,55,68,82
2010,12,2010.03.27.,8,22,53,63,71
2010,11,2010.03.20.,10,61,71,77,83
2010,10,2010.03.13.,1,29,50,55,70
2010,9,2010.03.06.,20,24,61,86,90
2010,8,2010.02.27.,9,24,54,79,82
2010,7,2010.02.20.,4,9,29,64,65
2010,6,2010.02.13.,13,26,27,30,45
2010,5,2010.02.06.,12,38,39,57,79
2010,4,2010.01.30.,3,16,31,52,53
2010,3,2010.01.23.,8,9,54,69,87
2010,2,2010.01.16.,25,35,42,57,87
2010,1,2010.01.09.,13,17,42,43,46
2009,53,2010.01.02.,5,42,46,71,81
2009,52,2009.12.26.,4,22,68,72,82
2009,51,2009.12.19.,6,28,33,41,45
2009,50,2009.12.12.,3,25,48,55,80
2009,49,2009.12.05.,21,38,46,61,65
2009,48,2009.11.28.,15,19,45,63,68
2009,47,2009.11.21.,60,73,75,82,86
2009,46,2009.11.14.,55,61,63,86,90
2009,45,2009.11.07.,6,32,57,66,77
2009,44,2009.10.31.,5,35,47,66,78
2009,43,2009.10.24.,18,19,54,57,84
2009,42,2009.10.17.,4,27,29,62,72
2009,41,2009.10.10.,15,28,51,52,73
2009,40,2009.10.03.,1,6,8,59,71
2009,39,2009.09.26.,16,24,33,54,84
2009,38,2009.09.19.,9,16,26,73,75
2009,37,2009.09.12.,1,11,21,29,81
2009,36,2009.09.05.,9,14,15,26,45
2009,35,2009.08.29.,9,12,35,56,58
2009,34,2009.08.22.,11,34,41,56,69
2009,33,2009.08.15.,4,43,61,77,80
2009,32,2009.08.08.,1,2,16,51,90
2009,31,2009.08.01.,15,23,41,67,73
2009,30,2009.07.25.,25,29,48,66,89
2009,29,2009.07.18.,1,6,20,33,38
2009,28,2009.07.11.,4,28,58,59,85
2009,27,2009.07.04.,2,54,66,78,81
2009,26,2009.06.27.,4,9,13,32,70
2009,25,2009.06.20.,3,4,32,83,90
2009,24,2009.06.13.,1,7,17,40,81
2009,23,2009.06.06.,31,37,66,73,77
2009,22,2009.05.30.,25,66,76,77,90
2009,21,2009.05.23.,1,13,33,46,54
2009,20,2009.05.16.,2,38,44,61,76
2009,19,2009.05.09.,27,33,38,71,81
2009,18,2009.05.02.,10,16,29,34,42
2009,17,2009.04.25.,20,43,53,54,58
2009,16,2009.04.19.,17,21,57,62,71
2009,15,2009.04.11.,4,7,31,54,57
2009,14,2009.04.04.,7,11,15,66,79
2009,13,2009.03.28.,14,32,53,70,86
2009,12,2009.03.21.,20,44,52,74,85
2009,11,2009.03.14.,26,31,33,36,37
2009,10,2009.03.07.,11,25,57,79,86
2009,9,2009.02.28.,7,22,79,86,88
2009,8,2009.02.21.,5,19,26,62,64
2009,7,2009.02.14.,4,16,22,39,69
2009,6,2009.02.07.,18,22,29,47,51
2009,5,2009.01.31.,27,43,53,74,75
2009,4,2009.01.24.,2,29,31,43,85
2009,3,2009.01.17.,16,43,48,76,86
2009,2,2009.01.10.,4,41,56,84,85
2009,1,2009.01.03.,9,12,36,51,60
2008,52,2008.12.27.,26,34,66,67,83
2008,51,2008.12.20.,1,23,24,39,62
2008,50,2008.12.13.,1,15,43,44,51
2008,49,2008.12.06.,11,24,31,60,84
2008,48,2008.11.29.,10,13,28,52,65
2008,47,2008.11.22.,9,13,16,39,67
2008,46,2008.11.15.,9,13,29,33,64
2008,45,2008.11.08.,9,22,24,49,88
2008,44,2008.11.01.,2,9,39,69,75
2008,43,2008.10.25.,5,14,36,46,54
2008,42,2008.10.18.,31,52,55,59,62
2008,41,2008.10.11.,11,27,69,72,77
2008,40,2008.10.04.,1,25,38,71,74
2008,39,2008.09.27.,33,45,57,73,88
2008,38,2008.09.20.,22,31,53,67,84
2008,37,2008.09.13.,34,41,61,76,84
2008,36,2008.09.06.,22,23,31,42,73
2008,35,2008.08.30.,3,40,57,75,83
2008,34,2008.08.23.,11,20,44,46,88
2008,33,2008.08.16.,7,16,33,65,78
2008,32,2008.08.09.,1,33,42,65,70
2008,31,2008.08.02.,2,38,40,50,84
2008,30,2008.07.26.,32,37,48,70,87
2008,29,2008.07.19.,14,24,64,74,81
2008,28,2008.07.12.,2,23,26,27,50
2008,27,2008.07.05.,20,27,63,81,82
2008,26,2008.06.28.,4,7,56,71,83
2008,25,2008.06.21.,5,16,30,50,55
2008,24,2008.06.14.,3,15,16,56,89
2008,23,2008.06.07.,27,33,39,65,83
2008,22,2008.05.31.,4,8,18,86,89
2008,21,2008.05.24.,3,11,28,43,75
2008,20,2008.05.17.,53,57,62,82,90
2008,19,2008.05.10.,4,44,47,63,89
2008,18,2008.05.03.,10,53,54,65,71
2008,17,2008.04.26.,7,8,24,56,85
2008,16,2008.04.19.,11,36,38,79,89
2008,15,2008.04.12.,29,55,64,77,87
2008,14,2008.04.05.,16,51,69,78,87
2008,13,2008.03.29.,10,14,28,35,41
2008,12,2008.03.22.,9,29,57,69,74
2008,11,2008.03.15.,10,34,42,66,85
2008,10,2008.03.08.,10,23,29,58,65
2008,9,2008.03.01.,11,13,49,57,60
2008,8,2008.02.23.,12,27,44,52,57
2008,7,2008.02.16.,2,24,26,34,88
2008,6,2008.02.09.,14,16,28,46,58
2008,5,2008.02.02.,3,18,20,71,81
2008,4,2008.01.26.,10,23,61,68,72
2008,3,2008.01.19.,5,24,59,62,86
2008,2,2008.01.12.,18,42,45,72,80
2008,1,2008.01.05.,4,14,27,38,41
2007,52,2007.12.29.,9,12,15,49,66
2007,51,2007.12.22.,15,17,34,80,90
2007,50,2007.12.15.,11,13,18,39,76
2007,49,2007.12.08.,40,50,70,73,89
2007,48,2007.12.01.,6,27,60,71,82
2007,47,2007.11.24.,4,21,26,71,83
2007,46,2007.11.17.,9,34,50,63,90
2007,45,2007.11.10.,1,15,26,55,59
2007,44,2007.11.03.,15,22,23,70,88
2007,43,2007.10.27.,28,34,36,42,86
2007,42,2007.10.20.,25,30,40,55,74
2007,41,2007.10.13.,11,21,32,84,85
2007,40,2007.10.06.,1,18,30,69,90
2007,39,2007.09.29.,25,38,51,55,85
2007,38,2007.09.22.,27,37,39,57,66
2007,37,2007.09.15.,9,35,42,87,88
2007,36,2007.09.08.,2,4,17,25,41
2007,35,2007.09.01.,3,11,24,35,77
2007,34,2007.08.25.,17,26,57,59,78
2007,33,2007.08.18.,28,30,35,46,83
2007,32,2007.08.11.,1,3,47,76,78
2007,31,2007.08.04.,40,46,63,71,77
2007,30,2007.07.28.,13,14,39,81,87
2007,29,2007.07.21.,20,41,44,68,71
2007,28,2007.07.14.,24,56,73,89,90
2007,27,2007.07.07.,21,24,26,35,71
2007,26,2007.06.30.,9,62,69,83,90
2007,25,2007.06.23.,10,16,25,36,56
2007,24,2007.06.16.,19,29,47,54,83
2007,23,2007.06.09.,31,44,71,73,82
2007,22,2007.06.02.,11,24,42,59,78
2007,21,2007.05.26.,1,6,18,35,79
2007,20,2007.05.19.,46,65,75,84,85
2007,19,2007.05.12.,52,54,72,77,83
2007,18,2007.05.05.,9,14,21,55,77
2007,17,2007.04.28.,21,41,45,49,63
2007,16,2007.04.21.,3,10,14,30,63
2007,15,2007.04.14.,14,30,47,58,77
2007,14,2007.04.07.,14,20,30,55,75
2007,13,2007.03.31.,7,49,63,64,72
2007,12,2007.03.24.,13,49,66,75,79
2007,11,2007.03.17.,22,39,49,60,70
2007,10,2007.03.10.,11,24,38,39,81
2007,9,2007.03.03.,18,36,65,79,89
2007,8,2007.02.24.,8,13,39,43,63
2007,7,2007.02.17.,16,22,62,79,90
2007,6,2007.02.10.,1,8,34,74,86
2007,5,2007.02.03.,14,23,72,85,86
2007,4,2007.01.27.,2,32,47,61,67
2007,3,2007.01.20.,16,43,56,57,86
2007,2,2007.01.13.,45,54,79,81,82
2007,1,2007.01.06.,27,36,37,55,57
2006,52,2006.12.30.,5,21,35,62,76
2006,51,2006.12.23.,52,54,65,72,88
2006,50,2006.12.16.,14,41,48,50,52
2006,49,2006.12.10.,4,27,29,74,85
2006,48,2006.12.02.,20,25,31,60,79
2006,47,2006.11.25.,5,13,21,27,81
2006,46,2006.11.18.,14,27,40,52,74
2006,45,2006.11.11.,25,42,48,73,87
2006,44,2006.11.05.,15,17,37,48,57
2006,43,2006.10.28.,5,24,30,44,57
2006,42,2006.10.21.,1,6,14,18,88
2006,41,2006.10.14.,3,39,40,82,83
2006,40,2006.10.07.,25,38,40,55,76
2006,39,2006.09.30.,11,12,35,61,76
2006,38,2006.09.23.,13,37,51,59,61
2006,37,2006.09.16.,19,21,42,73,87
2006,36,2006.09.09.,4,12,45,65,66
2006,35,2006.09.02.,17,38,39,55,85
2006,34,2006.08.26.,16,35,54,65,68
2006,33,2006.08.19.,17,18,66,73,90
2006,32,2006.08.12.,15,22,63,81,89
2006,31,2006.08.05.,13,16,46,65,69
2006,30,2006.07.29.,34,45,76,77,83
2006,29,2006.07.22.,36,44,47,83,89
2006,28,2006.07.15.,2,15,29,73,75
2006,27,2006.07.08.,4,17,19,53,61
2006,26,2006.07.01.,11,62,69,74,90
2006,25,2006.06.24.,38,49,73,78,83
2006,24,2006.06.17.,11,17,69,71,80
2006,23,2006.06.10.,1,29,34,73,88
2006,22,2006.06.03.,15,28,35,65,73
2006,21,2006.05.27.,9,22,55,70,79
2006,20,2006.05.20.,10,24,51,57,76
2006,19,2006.05.13.,12,22,28,56,60
2006,18,2006.05.06.,15,23,34,44,67
2006,17,2006.04.29.,8,11,13,21,43
2006,16,2006.04.22.,3,10,66,69,82
2006,15,2006.04.15.,24,28,34,49,56
2006,14,2006.04.08.,9,29,38,80,86
2006,13,2006.04.01.,8,46,56,79,84
2006,12,2006.03.25.,13,35,61,64,66
2006,11,2006.03.18.,50,53,63,79,86
2006,10,2006.03.11.,9,33,61,72,90
2006,9,2006.03.04.,44,71,73,76,84
2006,8,2006.02.25.,3,7,8,16,59
2006,7,2006.02.18.,19,27,40,80,87
2006,6,2006.02.11.,52,55,56,64,81
2006,5,2006.02.04.,21,45,52,69,83
2006,4,2006.01.28.,13,63,65,66,74
2006,3,2006.01.21.,1,33,49,56,69
2006,2,2006.01.14.,35,36,42,47,60
2006,1,2006.01.07.,5,19,21,44,69
2005,52,2006.01.01.,13,35,39,42,58
2005,51,2005.12.25.,6,19,31,72,81
2005,50,2005.12.17.,3,18,19,60,79
2005,49,2005.12.10.,7,11,16,50,86
2005,48,2005.12.03.,38,45,56,63,78
2005,47,2005.11.26.,5,30,72,87,88
2005,46,2005.11.19.,5,14,15,56,79
2005,45,2005.11.12.,36,40,52,79,80
2005,44,2005.11.05.,15,22,28,41,57
2005,43,2005.10.29.,33,37,40,51,52
2005,42,2005.10.22.,4,51,66,74,83
2005,41,2005.10.15.,34,44,55,62,75
2005,40,2005.10.08.,3,19,50,59,70
2005,39,2005.10.01.,31,44,55,67,73
2005,38,2005.09.24.,8,36,44,55,76
2005,37,2005.09.17.,3,33,53,60,61
2005,36,2005.09.10.,4,16,22,48,88
2005,35,2005.09.03.,17,18,40,42,58
2005,34,2005.08.27.,4,32,34,36,78
2005,33,2005.08.20.,22,32,51,75,83
2005,32,2005.08.13.,2,9,28,30,78
2005,31,2005.08.06.,3,31,39,73,81
2005,30,2005.07.30.,6,15,36,38,75
2005,29,2005.07.23.,11,12,28,64,81
2005,28,2005.07.16.,4,10,37,42,51
2005,27,2005.07.09.,12,17,45,59,75
2005,26,2005.07.02.,17,24,47,68,84
2005,25,2005.06.25.,7,24,36,57,70
2005,24,2005.06.18.,18,35,56,88,90
2005,23,2005.06.11.,4,29,33,44,73
2005,22,2005.06.04.,27,36,57,71,86
2005,21,2005.05.28.,7,8,69,80,84
2005,20,2005.05.21.,14,16,32,53,54
2005,19,2005.05.14.,1,6,62,72,75
2005,18,2005.05.07.,41,50,80,83,85
2005,17,2005.04.30.,41,47,77,82,84
2005,16,2005.04.23.,3,4,25,29,65
2005,15,2005.04.16.,37,50,69,77,81
2005,14,2005.04.09.,9,27,59,72,74
2005,13,2005.04.02.,16,20,41,59,60
2005,12,2005.03.26.,2,19,63,72,82
2005,11,2005.03.19.,21,29,58,62,71
2005,10,2005.03.12.,2,16,36,37,72
2005,9,2005.03.05.,19,37,49,86,89
2005,8,2005.02.26.,8,27,28,33,58
2005,7,2005.02.19.,9,20,47,50,78
2005,6,2005.02.12.,14,30,32,37,67
2005,5,2005.02.05.,31,32,54,76,89
2005,4,2005.01.29.,2,8,37,38,54
2005,3,2005.01.22.,30,33,40,55,88
2005,2,2005.01.15.,22,66,67,87,89
2005,1,2005.01.08.,30,42,60,75,80
2004,53,2005.01.01.,38,55,65,66,67
2004,52,2004.12.25.,24,48,50,55,80
2004,51,2004.12.18.,8,11,17,45,81
2004,50,2004.12.11.,16,60,65,77,78
2004,49,2004.12.04.,11,13,22,38,47
2004,48,2004.11.27.,49,61,66,69,75
2004,47,2004.11.20.,27,29,34,37,59
2004,46,2004.11.13.,23,47,61,69,82
2004,45,2004.11.06.,28,38,47,62,79
2004,44,,56,67,72,75,80
2004,43,,1,27,29,74,78
2004,42,,7,10,53,56,61
2004,41,,2,5,17,36,73
2004,40,,31,32,44,68,75
2004,39,,18,27,31,38,44
2004,38,,12,26,69,70,71
2004,37,,6,75,82,83,86
2004,36,,1,32,33,40,69
2004,35,,16,38,48,56,60
2004,34,,7,44,46,77,83
2004,33,,26,43,57,64,71
2004,32,,6,25,32,43,82
2004,31,,18,26,49,68,76
2004,30,,9,23,37,40,83
2004,29,,10,27,32,59,75
2004,28,,33,55,62,86,88
2004,27,,11,26,35,51,85
2004,26,,39,43,51,63,77
2004,25,,9,29,37,52,65
2004,24,,4,19,38,40,60
2004,23,,10,21,49,56,67
2004,22,,1,24,49,67,71
2004,21,,2,11,25,32,67
2004,20,,22,30,34,39,75
2004,19,,2,18,32,55,59
2004,18,,28,33,65,86,88
2004,17,,6,29,58,71,81
2004,16,,12,35,41,44,73
2004,15,,19,20,28,63,89
2004,14,,10,23,47,58,84
2004,13,,5,40,66,81,87
2004,12,,24,38,45,48,89
2004,11,,27,31,41,49,60
2004,10,,1,6,27,40,58
2004,9,,13,36,53,59,75
2004,8,,38,47,49,58,69
2004,7,,36,46,55,59,72
2004,6,,13,70,72,76,78
2004,5,,30,42,61,65,66
2004,4,,22,36,40,55,61
2004,3,,20,33,51,76,79
2004,2,,8,13,47,56,85
2004,1,,11,20,27,32,55
2003,52,,11,24,34,64,89
2003,51,,9,20,21,59,68
2003,50,,12,26,36,46,49
2003,49,,24,31,67,71,73
2003,48,,4,15,46,49,59
2003,47,,1,4,8,69,74
2003,46,,12,28,34,61,70
2003,45,,24,33,34,39,54
2003,44,,23,25,28,66,76
2003,43,,3,14,24,73,83
2003,42,,13,40,55,56,76
2003,41,,32,45,55,70,78
2003,40,,59,68,75,80,85
2003,39,,20,22,23,50,67
2003,38,,16,30,81,83,87
2003,37,,20,40,52,54,90
2003,36,,7,24,25,50,76
2003,35,,10,29,60,74,86
2003,34,,25,28,45,55,74
2003,33,,7,12,18,38,90
2003,32,,6,24,25,53,79
2003,31,,17,18,28,35,90
2003,30,,7,29,30,77,80
2003,29,,17,18,51,52,75
2003,28,,4,56,74,77,89
2003,27,,23,33,34,71,89
2003,26,,1,5,22,44,88
2003,25,,2,6,47,74,80
2003,24,,7,37,40,46,51
2003,23,,7,20,35,58,83
2003,22,,1,45,60,61,82
2003,21,,25,35,37,74,86
2003,20,,32,41,59,66,79
2003,19,,18,38,41,67,89
2003,18,,55,56,58,61,71
2003,17,,20,32,43,65,73
2003,16,,46,50,58,62,76
2003,15,,12,60,66,67,72
2003,14,,17,60,66,71,85
2003,13,,4,23,42,61,64
2003,12,,23,31,42,73,85
2003,11,,3,21,28,30,33
2003,10,,2,23,65,71,84
2003,9,,13,33,73,77,78
2003,8,,10,21,29,40,87
2003,7,,21,29,37,48,68
2003,6,,7,21,33,39,86
2003,5,,54,56,57,59,71
2003,4,,1,28,47,56,70
2003,3,,5,12,31,53,60
2003,2,,18,42,54,83,89
2003,1,,37,42,44,61,62
2002,52,,3,17,20,37,40
2002,51,,33,42,50,69,85
2002,50,,2,3,53,60,69
2002,49,,17,18,33,41,59
2002,48,,22,26,43,74,81
2002,47,,3,5,13,60,88
2002,46,,14,26,48,71,85
2002,45,,15,20,25,47,66
2002,44,,5,21,43,52,64
2002,43,,8,25,64,72,79
2002,42,,8,17,35,49,67
2002,41,,11,24,34,41,87
2002,40,,12,21,42,43,65
2002,39,,20,21,41,62,77
2002,38,,11,37,40,52,73
2002,37,,23,24,51,59,78
2002,36,,13,15,16,28,54
2002,35,,11,12,18,76,79
2002,34,,39,58,61,62,71
2002,33,,52,55,60,67,81
2002,32,,3,10,27,36,56
2002,31,,9,28,56,87,90
2002,30,,41,47,59,71,74
2002,29,,6,11,30,78,80
2002,28,,10,16,47,67,70
2002,27,,6,19,47,52,85
2002,26,,5,30,32,49,79
2002,25,,6,56,71,81,85
2002,24,,1,17,37,49,68
2002,23,,3,25,51,80,86
2002,22,,15,37,39,80,81
2002,21,,27,31,54,66,76
2002,20,,28,38,65,77,90
2002,19,,6,33,43,73,74
2002,18,,1,37,41,72,75
2002,17,,22,35,43,50,69
2002,16,,27,52,54,61,90
2002,15,,26,37,53,65,79
2002,14,,50,71,75,79,88
2002,13,,2,3,24,58,87
2002,12,,2,19,49,53,54
2002,11,,27,35,39,68,71
2002,10,,6,13,55,66,81
2002,9,,13,51,55,62,74
2002,8,,12,13,19,28,85
2002,7,,18,20,61,77,90
2002,6,,20,31,36,61,66
2002,5,,27,30,32,47,90
2002,4,,2,6,43,72,81
2002,3,,2,28,29,45,81
2002,2,,22,36,63,68,74
2002,1,,10,22,43,52,68
2001,52,,25,27,54,72,84
2001,51,,2,15,32,42,75
2001,50,,24,50,54,60,77
2001,49,,1,21,25,60,78
2001,48,,42,51,56,63,88
2001,47,,8,23,25,54,79
2001,46,,19,27,51,70,84
2001,45,,28,52,69,70,90
2001,44,,56,77,79,85,89
2001,43,,11,31,45,53,83
2001,42,,5,16,52,58,66
2001,41,,31,36,48,50,54
2001,40,,6,20,26,72,82
2001,39,,5,11,50,67,69
2001,38,,19,52,63,72,81
2001,37,,12,55,71,74,85
2001,36,,6,22,26,28,34
2001,35,,47,60,66,81,89
2001,34,,14,26,43,62,88
2001,33,,4,40,42,51,76
2001,32,,3,16,45,46,61
2001,31,,2,32,36,41,43
2001,30,,1,6,25,29,41
2001,29,,4,20,43,58,67
2001,28,,3,15,39,67,76
2001,27,,25,27,73,76,77
2001,26,,13,45,48,54,90
2001,25,,35,38,46,61,62
2001,24,,12,36,40,71,72
2001,23,,14,19,44,45,67
2001,22,,22,23,51,78,89
2001,21,,5,7,46,52,84
2001,20,,3,18,58,59,72
2001,19,,12,27,56,58,63
2001,18,,5,12,15,17,69
2001,17,,1,12,24,52,87
2001,16,,13,15,28,45,79
2001,15,,10,31,45,71,78
2001,14,,4,9,11,37,53
2001,13,,12,28,37,61,80
2001,12,,21,26,27,42,73
2001,11,,15,32,42,47,52
2001,10,,24,61,68,75,85
2001,9,,38,57,58,62,63
2001,8,,1,9,34,35,86
2001,7,,13,28,52,75,83
2001,6,,7,10,18,33,41
2001,5,,17,57,59,60,71
2001,4,,10,43,59,80,85
2001,3,,11,25,32,78,83
2001,2,,23,36,54,55,74
2001,1,,12,38,62,64,71
2000,52,,58,66,68,83,89
2000,51,,17,32,34,82,87
2000,50,,17,53,60,79,82
2000,49,,12,36,61,69,88
2000,48,,15,18,60,74,78
2000,47,,7,8,11,29,90
2000,46,,5,17,32,35,81
2000,45,,42,54,62,68,75
2000,44,,32,35,54,68,77
2000,43,,4,10,20,59,79
2000,42,,44,50,82,85,88
2000,41,,14,28,31,78,88
2000,40,,30,39,55,57,85
2000,39,,6,9,64,67,79
2000,38,,9,22,58,69,79
2000,37,,22,32,56,61,73
2000,36,,36,50,51,80,82
2000,35,,23,50,76,79,89
2000,34,,17,35,58,59,63
2000,33,,4,9,18,25,63
2000,32,,3,21,35,40,45
2000,31,,46,47,70,77,79
2000,30,,21,44,53,56,77
2000,29,,3,49,64,76,90
2000,28,,17,29,64,70,82
2000,27,,28,34,39,40,81
2000,26,,18,47,49,55,60
2000,25,,13,17,20,82,86
2000,24,,7,23,27,35,61
2000,23,,18,38,45,58,80
2000,22,,16,18,50,69,88
2000,21,,5,16,26,50,73
2000,20,,15,48,65,67,81
2000,19,,13,31,43,53,60
2000,18,,1,47,58,86,90
2000,17,,20,23,51,59,64
2000,16,,25,42,48,52,90
2000,15,,5,11,47,48,77
2000,14,,15,29,37,39,55
2000,13,,4,30,47,67,81
2000,12,,19,57,59,73,74
2000,11,,10,19,57,64,81
2000,10,,14,16,33,78,83
2000,9,,4,11,31,37,64
2000,8,,11,16,34,42,59
2000,7,,1,5,34,66,72
2000,6,,8,10,70,76,85
2000,5,,4,22,30,67,88
2000,4,,16,29,53,57,80
2000,3,,7,27,40,49,78
2000,2,,17,21,32,63,73
2000,1,,24,30,37,54,83
1999,52,,14,25,42,52,64
1999,51,,5,11,57,67,73
1999,50,,41,65,66,75,81
1999,49,,22,23,50,82,90
1999,48,,4,27,36,63,78
1999,47,,6,20,36,69,84
1999,46,,2,13,34,57,75
1999,45,,6,30,68,74,81
1999,44,,2,32,36,39,58
1999,43,,17,40,45,50,58
1999,42,,12,13,53,62,69
1999,41,,42,48,57,73,87
1999,40,,28,40,58,64,69
1999,39,,48,54,57,60,90
1999,38,,4,41,55,58,88
1999,37,,22,25,48,70,73
1999,36,,25,42,48,54,87
1999,35,,16,34,38,49,70
1999,34,,13,19,66,77,78
1999,33,,29,55,64,66,74
1999,32,,11,27,84,85,87
1999,31,,27,32,35,82,89
1999,30,,17,30,54,68,82
1999,29,,27,48,61,63,80
1999,28,,2,45,62,66,90
1999,27,,36,79,82,85,86
1999,26,,7,50,58,60,85
1999,25,,29,39,43,55,68
1999,24,,11,17,68,88,89
1999,23,,8,20,38,59,69
1999,22,,1,17,20,37,66
1999,21,,13,15,41,61,71
1999,20,,7,42,49,55,79
1999,19,,10,37,48,65,89
1999,18,,32,41,53,59,68
1999,17,,14,20,45,57,72
1999,16,,48,56,76,79,87
1999,15,,9,20,22,27,37
1999,14,,3,19,28,57,64
1999,13,,12,19,27,31,35
1999,12,,2,4,17,25,61
1999,11,,10,13,28,55,72
1999,10,,26,31,53,72,73
1999,9,,26,27,42,55,86
1999,8,,32,47,55,74,78
1999,7,,15,29,45,77,83
1999,6,,1,10,28,31,50
1999,5,,15,26,27,31,66
1999,4,,12,41,43,57,61
1999,3,,7,41,70,71,84
1999,2,,2,33,38,39,59
1999,1,,10,17,46,47,75
1998,53,,10,34,54,75,78
1998,52,,7,22,24,43,80
1998,51,,1,35,61,77,83
1998,50,,6,17,50,55,85
1998,49,,12,16,34,40,90
1998,48,,5,9,22,25,31
1998,47,,5,6,47,58,76
1998,46,,6,46,59,67,71
1998,45,,29,39,51,64,82
1998,44,,2,12,31,46,87
1998,43,,2,10,49,66,73
1998,42,,58,75,81,82,86
1998,41,,53,61,70,75,86
1998,40,,1,13,35,41,53
1998,39,,9,20,36,52,89
1998,38,,5,23,37,45,86
1998,37,,15,26,42,66,84
1998,36,,4,40,79,85,86
1998,35,,9,12,44,56,82
1998,34,,5,24,77,84,88
1998,33,,14,65,67,70,77
1998,32,,17,20,25,62,79
1998,31,,3,27,42,53,73
1998,30,,6,9,26,84,88
1998,29,,21,25,35,41,62
1998,28,,11,64,71,72,80
1998,27,,35,46,51,56,69
1998,26,,6,57,60,67,79
1998,25,,26,35,59,77,83
1998,24,,2,6,19,44,52
1998,23,,27,33,66,76,81
1998,22,,11,30,60,83,88
1998,21,,31,40,76,84,89
1998,20,,24,30,40,81,85
1998,19,,3,20,34,39,71
1998,18,,2,15,36,48,73
1998,17,,8,13,18,54,74
1998,16,,31,64,72,75,89
1998,15,,1,26,41,45,76
1998,14,,9,18,21,52,57
1998,13,,7,25,43,65,74
1998,12,,30,41,57,62,84
1998,11,,26,30,69,82,85
1998,10,,9,11,18,24,51
1998,9,,12,26,28,35,44
1998,8,,8,24,32,45,60
1998,7,,10,12,25,41,85
1998,6,,15,43,54,69,74
1998,5,,7,10,32,71,84
1998,4,,3,13,30,45,49
1998,3,,39,49,52,66,70
1998,2,,1,14,46,59,64
1998,1,,4,18,21,24,29
1997,52,,22,33,45,66,81
1997,51,,1,5,13,55,78
1997,50,,17,54,60,61,90
1997,49,,23,51,70,71,73
1997,48,,57,59,67,88,90
1997,47,,36,40,42,62,66
1997,46,,13,44,47,79,81
1997,45,,23,28,40,44,52
1997,44,,35,44,56,66,70
1997,43,,4,21,25,34,75
1997,42,,30,40,41,43,75
1997,41,,14,26,59,75,85
1997,40,,15,31,32,52,64
1997,39,,23,50,55,67,83
1997,38,,6,16,26,39,66
1997,37,,16,22,56,57,80
1997,36,,47,48,51,66,83
1997,35,,9,35,44,49,53
1997,34,,12,19,20,70,73
1997,33,,10,11,21,54,63
1997,32,,2,23,76,82,89
1997,31,,31,37,44,73,86
1997,30,,21,50,59,78,80
1997,29,,8,45,51,56,74
1997,28,,11,23,24,31,64
1997,27,,11,39,46,50,65
1997,26,,8,11,51,75,86
1997,25,,18,57,62,75,77
1997,24,,10,22,27,28,82
1997,23,,25,43,56,66,78
1997,22,,15,61,67,71,86
1997,21,,3,19,35,56,64
1997,20,,16,38,58,73,87
1997,19,,14,32,49,72,77
1997,18,,25,58,81,88,90
1997,17,,2,30,55,57,64
1997,16,,34,42,55,79,85
1997,15,,30,33,83,88,89
1997,14,,23,40,62,77,85
1997,13,,32,34,78,88,89
1997,12,,2,15,38,60,77
1997,11,,3,19,27,28,75
1997,10,,17,39,43,55,79
1997,9,,22,28,38,42,76
1997,8,,28,30,31,77,86
1997,7,,8,14,43,48,54
1997,6,,40,58,66,69,75
1997,5,,33,38,46,67,74
1997,4,,2,29,40,62,65
1997,3,,36,38,42,54,66
1997,2,,26,43,54,56,70
1997,1,,1,3,10,25,62
1996,52,,11,13,45,67,75
1996,51,,4,17,23,47,66
1996,50,,1,14,22,72,89
1996,49,,7,14,33,64,82
1996,48,,16,27,33,34,46
1996,47,,28,35,69,81,82
1996,46,,5,47,62,75,84
1996,45,,22,31,50,60,67
1996,44,,4,6,27,68,89
1996,43,,11,40,45,72,80
1996,42,,10,29,44,52,77
1996,41,,13,22,38,65,90
1996,40,,7,29,40,63,77
1996,39,,29,40,51,65,66
1996,38,,14,27,41,56,76
1996,37,,23,26,49,68,78
1996,36,,19,28,56,72,87
1996,35,,21,25,39,45,56
1996,34,,2,5,20,42,78
1996,33,,26,37,40,72,85
1996,32,,10,24,32,67,72
1996,31,,20,32,71,78,84
1996,30,,24,52,77,80,88
1996,29,,29,35,50,72,87
1996,28,,30,50,55,76,77
1996,27,,19,21,52,82,83
1996,26,,5,30,61,63,86
1996,25,,20,28,44,46,82
1996,24,,1,52,67,68,83
1996,23,,46,47,62,67,88
1996,22,,9,20,59,60,70
1996,21,,19,20,56,76,77
1996,20,,22,50,54,57,89
1996,19,,4,12,43,62,76
1996,18,,12,24,66,77,86
1996,17,,14,19,20,73,76
1996,16,,14,44,46,52,70
1996,15,,14,32,35,66,89
1996,14,,1,39,53,68,70
1996,13,,38,42,48,51,85
1996,12,,8,13,29,47,87
1996,11,,18,19,61,68,72
1996,10,,8,9,32,49,63
1996,9,,21,26,44,49,81
1996,8,,24,35,41,52,67
1996,7,,5,40,46,54,90
1996,6,,12,62,69,72,82
1996,5,,6,42,57,58,70
1996,4,,26,32,34,52,85
1996,3,,14,33,70,73,83
1996,2,,8,21,27,46,58
1996,1,,16,37,71,72,82
1995,52,,5,32,38,64,81
1995,51,,61,65,74,83,85
1995,50,,11,13,66,80,87
1995,49,,1,9,48,54,85
1995,48,,46,64,65,77,81
1995,47,,19,23,47,72,79
1995,46,,8,43,78,87,90
1995,45,,1,3,21,43,52
1995,44,,22,23,54,62,68
1995,43,,6,16,26,42,74
1995,42,,17,69,75,80,89
1995,41,,12,57,79,82,83
1995,40,,27,33,52,72,73
1995,39,,16,26,33,66,72
1995,38,,24,48,60,66,85
1995,37,,24,25,33,50,61
1995,36,,13,51,69,71,72
1995,35,,8,13,42,70,80
1995,34,,5,11,44,56,79
1995,33,,27,34,49,63,68
1995,32,,8,37,44,51,80
1995,31,,15,31,39,51,73
1995,30,,6,20,40,46,47
1995,29,,7,32,63,77,81
1995,28,,27,52,53,57,62
1995,27,,2,17,28,77,79
1995,26,,23,28,44,55,76
1995,25,,7,14,27,45,51
1995,24,,42,52,62,83,90
1995,23,,22,52,65,66,76
1995,22,,23,45,62,74,86
1995,21,,3,12,22,29,36
1995,20,,6,15,23,69,90
1995,19,,16,45,51,52,90
1995,18,,14,29,40,55,76
1995,17,,20,35,48,66,80
1995,16,,1,4,33,67,75
1995,15,,39,55,58,71,74
1995,14,,9,27,33,40,50
1995,13,,16,50,66,73,74
1995,12,,2,19,69,85,87
1995,11,,7,11,33,78,81
1995,10,,10,20,40,54,85
1995,9,,5,25,35,39,52
1995,8,,5,10,45,71,76
1995,7,,5,19,49,85,90
1995,6,,47,56,62,67,70
1995,5,,27,29,49,72,77
1995,4,,30,42,63,64,78
1995,3,,12,28,35,41,55
1995,2,,11,27,57,68,78
1995,1,,6,11,29,35,81
1994,52,,31,34,43,74,90
1994,51,,11,22,73,75,77
1994,50,,50,53,64,68,71
1994,49,,16,42,63,65,77
1994,48,,2,26,36,37,72
1994,47,,7,23,72,76,81
1994,46,,11,54,72,79,86
1994,45,,3,10,12,15,89
1994,44,,6,10,41,45,85
1994,43,,11,15,31,41,77
1994,42,,43,61,77,82,88
1994,41,,16,22,32,51,79
1994,40,,7,12,38,54,57
1994,39,,4,18,43,68,85
1994,38,,12,43,58,69,74
1994,37,,5,13,14,63,68
1994,36,,5,14,35,85,88
1994,35,,13,18,23,43,76
1994,34,,21,35,45,48,63
1994,33,,37,64,65,72,84
1994,32,,10,12,31,67,72
1994,31,,3,26,28,47,80
1994,30,,7,9,35,59,73
1994,29,,12,58,76,78,86
1994,28,,21,43,44,52,88
1994,27,,7,21,39,56,64
1994,26,,14,46,50,68,76
1994,25,,2,25,29,83,86
1994,24,,14,20,34,71,82
1994,23,,30,44,53,77,86
1994,22,,15,33,36,48,83
1994,21,,16,39,59,63,68
1994,20,,7,35,68,75,80
1994,19,,13,22,47,67,68
1994,18,,29,58,62,70,77
1994,17,,15,16,47,58,67
1994,16,,7,8,19,29,53
1994,15,,10,12,18,51,77
1994,14,,3,8,16,29,36
1994,13,,8,10,54,63,64
1994,12,,10,25,26,72,77
1994,11,,19,49,69,83,86
1994,10,,21,26,54,58,59
1994,9,,8,43,54,59,81
1994,8,,11,20,36,82,90
1994,7,,5,46,47,55,79
1994,6,,26,50,66,74,89
1994,5,,11,40,44,68,84
1994,4,,14,38,52,54,86
1994,3,,1,5,11,40,62
1994,2,,13,42,51,66,84
1994,1,,29,44,51,52,89
1993,53,,10,16,27,43,70
1993,52,,25,29,68,71,80
1993,51,,26,60,61,67,82
1993,50,,1,34,64,73,88
1993,49,,9,28,33,42,62
1993,48,,6,35,37,62,72
1993,47,,1,12,22,48,65
1993,46,,3,41,49,61,76
1993,45,,15,36,52,56,83
1993,44,,9,17,33,60,68
1993,43,,20,21,27,59,67
1993,42,,7,74,79,87,90
1993,41,,32,36,42,51,64
1993,40,,15,34,50,78,84
1993,39,,2,27,35,39,59
1993,38,,19,23,38,46,65
1993,37,,31,44,52,54,73
1993,36,,1,4,39,54,79
1993,35,,6,22,65,78,79
1993,34,,7,32,54,60,78
1993,33,,32,49,53,78,86
1993,32,,1,46,59,69,82
1993,31,,33,47,64,71,83
1993,30,,4,7,30,58,77
1993,29,,20,37,39,62,75
1993,28,,4,15,18,61,65
1993,27,,14,25,28,43,52
1993,26,,9,34,37,81,84
1993,25,,16,40,77,86,88
1993,24,,7,10,38,66,79
1993,23,,3,36,39,42,45
1993,22,,4,21,30,34,45
1993,21,,6,12,26,45,80
1993,20,,6,53,69,80,86
1993,19,,7,28,42,43,69
1993,18,,36,42,85,89,90
1993,17,,29,47,57,62,63
1993,16,,15,18,42,43,53
1993,15,,36,44,47,49,90
1993,14,,8,20,47,48,54
1993,13,,10,51,72,73,81
1993,12,,8,22,32,50,59
1993,11,,9,10,18,63,81
1993,10,,38,68,78,85,90
1993,9,,2,19,26,28,68
1993,8,,1,2,5,15,45
1993,7,,7,8,23,33,48
1993,6,,1,10,17,24,73
1993,5,,21,29,34,35,43
1993,4,,29,41,51,65,66
1993,3,,3,53,54,55,57
1993,2,,40,56,64,68,80
1993,1,,5,25,36,54,66
1992,52,,25,33,48,79,84
1992,51,,40,58,69,82,87
1992,50,,27,57,69,76,83
1992,49,,28,47,61,72,74
1992,48,,22,53,77,78,86
1992,47,,6,16,18,23,45
1992,46,,3,5,36,55,70
1992,45,,4,31,33,58,76
1992,44,,5,47,51,72,81
1992,43,,21,33,59,71,83
1992,42,,7,11,29,49,51
1992,41,,13,47,50,67,76
1992,40,,1,8,14,17,38
1992,39,,13,22,45,47,87
1992,38,,3,52,64,74,77
1992,37,,16,45,52,87,90
1992,36,,41,43,44,54,55
1992,35,,1,4,5,22,39
1992,34,,12,20,44,81,82
1992,33,,4,5,29,75,90
1992,32,,7,25,28,36,88
1992,31,,1,20,29,35,47
1992,30,,35,55,60,79,86
1992,29,,24,55,78,79,87
1992,28,,16,33,44,76,80
1992,27,,6,8,32,53,90
1992,26,,33,34,56,62,81
1992,25,,10,46,59,63,81
1992,24,,4,19,21,49,63
1992,23,,29,34,37,47,90
1992,22,,5,9,35,36,61
1992,21,,19,21,37,42,71
1992,20,,5,25,32,63,75
1992,19,,7,14,60,66,86
1992,18,,16,19,41,44,86
1992,17,,35,48,71,78,83
1992,16,,10,20,22,48,72
1992,15,,8,45,58,72,80
1992,14,,11,47,56,64,73
1992,13,,39,54,58,73,74
1992,12,,34,58,61,65,75
1992,11,,7,22,45,49,83
1992,10,,6,14,39,50,64
1992,9,,16,48,49,71,83
1992,8,,9,12,14,17,41
1992,7,,10,19,71,76,80
1992,6,,9,24,42,57,69
1992,5,,13,36,45,48,64
1992,4,,5,31,43,69,79
1992,3,,5,27,59,87,89
1992,2,,26,33,38,43,53
1992,1,,24,38,39,60,69
1991,52,,5,39,63,80,88
1991,51,,23,32,48,61,90
1991,50,,1,30,60,70,87
1991,49,,8,61,73,74,84
1991,48,,13,34,67,68,78
1991,47,,16,21,25,37,86
1991,46,,28,39,55,68,71
1991,45,,11,15,16,38,65
1991,44,,29,42,69,85,86
1991,43,,21,43,56,65,66
1991,42,,7,10,26,63,72
1991,41,,9,11,44,49,85
1991,40,,19,41,57,64,70
1991,39,,11,54,61,81,86
1991,38,,30,45,50,68,80
1991,37,,3,10,15,24,70
1991,36,,36,60,67,70,80
1991,35,,49,53,66,79,83
1991,34,,30,32,49,54,65
1991,33,,9,10,13,60,64
1991,32,,13,22,23,43,89
1991,31,,22,35,43,63,85
1991,30,,25,41,46,70,84
1991,29,,13,24,33,63,72
1991,28,,10,13,17,25,69
1991,27,,4,6,23,35,65
1991,26,,23,44,60,83,90
1991,25,,7,13,27,56,83
1991,24,,37,53,58,69,89
1991,23,,11,52,74,86,90
1991,22,,5,22,56,57,74
1991,21,,1,31,34,50,66
1991,20,,9,35,53,60,83
1991,19,,2,12,50,62,74
1991,18,,6,37,41,64,90
1991,17,,1,18,28,33,88
1991,16,,32,41,51,65,77
1991,15,,36,61,64,75,88
1991,14,,5,9,64,66,72
1991,13,,6,8,23,71,83
1991,12,,12,41,50,61,72
1991,11,,11,12,42,76,83
1991,10,,19,23,57,63,66
1991,9,,7,26,70,76,87
1991,8,,18,37,64,78,82
1991,7,,60,61,69,71,79
1991,6,,32,34,40,51,62
1991,5,,19,31,49,74,81
1991,4,,8,62,65,78,80
1991,3,,12,14,25,50,85
1991,2,,22,28,40,73,85
1991,1,,21,45,47,58,79
1990,52,,35,42,49,54,78
1990,51,,3,14,36,38,42
1990,50,,18,34,46,51,81
1990,49,,4,13,44,85,89
1990,48,,20,36,44,71,88
1990,47,,1,4,6,79,83
1990,46,,21,35,45,70,89
1990,45,,30,33,57,73,83
1990,44,,16,20,27,57,71
1990,43,,57,74,78,83,87
1990,42,,2,23,67,69,86
1990,41,,11,26,46,63,67
1990,40,,11,22,26,49,88
1990,39,,29,58,63,73,85
1990,38,,12,18,30,42,46
1990,37,,21,32,64,84,89
1990,36,,44,59,68,72,73
1990,35,,18,21,34,40,71
1990,34,,19,30,49,61,71
1990,33,,20,22,32,41,86
1990,32,,2,19,38,49,81
1990,31,,16,18,28,35,82
1990,30,,2,6,9,23,26
1990,29,,17,70,72,75,84
1990,28,,11,13,48,49,51
1990,27,,12,59,62,69,90
1990,26,,10,17,33,71,75
1990,25,,16,25,38,78,83
1990,24,,7,23,30,72,75
1990,23,,15,37,65,79,87
1990,22,,14,31,57,69,85
1990,21,,9,21,46,57,69
1990,20,,19,48,51,78,86
1990,19,,11,32,40,48,88
1990,18,,26,34,35,77,79
1990,17,,8,22,65,66,80
1990,16,,23,36,68,83,87
1990,15,,4,11,15,64,66
1990,14,,2,57,63,70,89
1990,13,,1,37,43,76,89
1990,12,,15,34,37,50,71
1990,11,,10,11,18,22,85
1990,10,,7,18,48,59,77
1990,9,,41,42,44,51,64
1990,8,,13,48,54,57,70
1990,7,,15,56,78,82,88
1990,6,,29,40,62,86,90
1990,5,,32,47,57,66,82
1990,4,,21,39,56,58,86
1990,3,,35,47,49,64,66
1990,2,,1,7,32,76,84
1990,1,,25,30,38,56,79
1989,52,,1,42,49,62,74
1989,51,,12,34,46,64,82
1989,50,,30,45,66,79,80
1989,49,,31,37,64,70,78
1989,48,,3,32,33,38,49
1989,47,,1,38,55,73,74
1989,46,,30,31,47,51,52
1989,45,,27,30,41,52,80
1989,44,,2,27,32,55,86
1989,43,,14,24,26,37,83
1989,42,,30,35,40,75,82
1989,41,,23,24,31,49,64
1989,40,,10,16,72,80,83
1989,39,,10,16,22,25,61
1989,38,,4,16,50,60,83
1989,37,,45,48,57,78,90
1989,36,,28,75,76,81,82
1989,35,,27,69,82,84,86
1989,34,,8,52,55,65,76
1989,33,,3,5,44,78,80
1989,32,,5,36,38,42,74
1989,31,,29,43,81,85,87
1989,30,,18,23,50,68,77
1989,29,,10,21,23,41,46
1989,28,,21,46,52,80,87
1989,27,,49,54,68,80,84
1989,26,,13,21,25,41,50
1989,25,,1,5,32,72,78
1989,24,,16,26,52,77,78
1989,23,,2,15,64,67,69
1989,22,,32,41,44,76,82
1989,21,,3,9,26,38,47
1989,20,,7,15,25,53,86
1989,19,,6,8,42,60,73
1989,18,,14,37,47,66,67
1989,17,,20,32,35,51,67
1989,16,,11,13,20,22,36
1989,15,,20,35,43,59,70
1989,14,,16,38,47,55,71
1989,13,,7,36,39,48,64
1989,12,,5,8,21,25,33
1989,11,,1,20,61,78,88
1989,10,,20,43,47,57,87
1989,9,,45,56,58,66,86
1989,8,,18,24,43,60,68
1989,7,,3,15,53,65,73
1989,6,,21,25,56,59,67
1989,5,,1,29,31,40,47
1989,4,,8,37,59,62,84
1989,3,,29,55,75,81,87
1989,2,,14,20,59,60,71
1989,1,,12,19,27,37,79
1988,52,,24,26,31,76,77
1988,51,,13,38,71,76,85
1988,50,,14,52,60,70,90
1988,49,,2,28,36,77,79
1988,48,,38,47,68,78,83
1988,47,,4,35,50,80,84
1988,46,,25,37,38,64,76
1988,45,,3,9,46,70,90
1988,44,,24,27,49,52,80
1988,43,,7,9,22,56,64
1988,42,,4,31,45,77,90
1988,41,,3,30,54,55,58
1988,40,,21,26,27,33,88
1988,39,,1,17,19,55,66
1988,38,,13,20,36,61,77
1988,37,,15,17,37,51,81
1988,36,,36,51,60,67,69
1988,35,,24,32,75,77,80
1988,34,,1,38,71,75,80
1988,33,,2,17,35,68,86
1988,32,,9,24,29,59,63
1988,31,,28,33,48,49,58
1988,30,,48,70,73,78,82
1988,29,,1,8,39,44,52
1988,28,,7,29,44,47,82
1988,27,,17,18,46,65,87
1988,26,,9,10,15,34,86
1988,25,,13,18,38,44,67
1988,24,,17,26,42,62,76
1988,23,,11,61,79,89,90
1988,22,,2,26,34,46,60
1988,21,,26,39,42,54,65
1988,20,,11,24,37,52,54
1988,19,,4,7,46,64,80
1988,18,,19,21,29,58,79
1988,17,,36,51,61,65,73
1988,16,,26,28,47,58,86
1988,15,,16,17,27,41,55
1988,14,,13,27,36,54,61
1988,13,,14,30,41,61,62
1988,12,,24,25,27,31,70
1988,11,,24,27,45,48,65
1988,10,,16,47,59,62,80
1988,9,,35,47,50,55,81
1988,8,,30,33,73,82,84
1988,7,,5,52,53,77,81
1988,6,,8,28,30,31,78
1988,5,,10,38,41,58,77
1988,4,,2,3,72,85,89
1988,3,,5,12,27,69,75
1988,2,,50,58,73,76,85
1988,1,,19,36,44,54,70
1987,53,,21,22,27,31,86
1987,52,,28,36,68,74,80
1987,51,,4,22,51,61,62
1987,50,,1,5,25,37,40
1987,49,,10,50,75,86,87
1987,48,,44,62,63,82,84
1987,47,,7,8,10,22,69
1987,46,,8,39,51,54,86
1987,45,,29,30,35,42,75
1987,44,,19,30,43,59,83
1987,43,,8,59,62,76,81
1987,42,,12,33,37,68,88
1987,41,,2,23,24,80,90
1987,40,,21,36,38,81,85
1987,39,,7,17,19,29,76
1987,38,,29,75,81,82,86
1987,37,,23,27,29,78,81
1987,36,,29,40,69,79,90
1987,35,,17,56,65,79,89
1987,34,,3,7,13,21,59
1987,33,,3,13,28,38,72
1987,32,,3,15,32,34,87
1987,31,,2,15,49,52,56
1987,30,,1,24,29,36,56
1987,29,,3,9,46,64,74
1987,28,,11,24,37,52,61
1987,27,,42,46,58,68,80
1987,26,,25,43,62,63,84
1987,25,,27,34,53,55,86
1987,24,,6,16,25,42,84
1987,23,,11,29,41,65,78
1987,22,,7,34,46,73,88
1987,21,,11,27,45,54,81
1987,20,,11,13,22,60,65
1987,19,,20,22,50,53,79
1987,18,,40,59,65,76,87
1987,17,,10,12,28,61,88
1987,16,,24,46,62,64,80
1987,15,,14,22,30,54,75
1987,14,,34,47,55,65,90
1987,13,,10,25,28,65,85
1987,12,,3,17,46,68,78
1987,11,,39,46,49,59,72
1987,10,,30,31,48,53,75
1987,9,,16,26,43,65,77
1987,8,,9,12,25,60,75
1987,7,,7,14,49,53,80
1987,6,,1,21,63,72,80
1987,5,,33,37,50,53,66
1987,4,,4,15,29,38,68
1987,3,,11,54,55,79,84
1987,2,,11,41,61,68,76
1987,1,,11,57,58,68,76
1986,52,,9,33,39,42,55
1986,51,,12,34,38,65,77
1986,50,,10,37,51,84,90
1986,49,,8,10,55,57,90
1986,48,,18,19,55,66,68
1986,47,,6,20,60,61,73
1986,46,,13,15,60,68,77
1986,45,,1,18,35,54,58
1986,44,,1,47,50,69,83
1986,43,,37,42,63,77,83
1986,42,,27,36,46,67,85
1986,41,,4,18,30,51,54
1986,40,,12,17,71,72,73
1986,39,,4,40,43,57,85
1986,38,,20,24,44,61,72
1986,37,,5,17,43,48,90
1986,36,,3,19,32,49,69
1986,35,,27,29,30,57,83
1986,34,,6,7,15,16,77
1986,33,,29,51,61,62,86
1986,32,,15,43,48,69,76
1986,31,,11,16,18,72,85
1986,30,,15,30,37,50,59
1986,29,,13,20,30,78,89
1986,28,,36,49,71,73,89
1986,27,,1,11,13,21,52
1986,26,,1,10,44,79,82
1986,25,,10,24,26,61,90
1986,24,,5,18,73,76,83
1986,23,,12,22,29,59,80
1986,22,,24,33,38,53,81
1986,21,,29,47,71,74,77
1986,20,,21,24,44,75,81
1986,19,,3,21,29,34,74
1986,18,,4,8,15,64,82
1986,17,,19,22,26,28,65
1986,16,,23,36,71,79,86
1986,15,,1,11,33,51,76
1986,14,,16,23,26,62,88
1986,13,,15,27,64,74,77
1986,12,,15,18,27,38,81
1986,11,,42,50,58,74,76
1986,10,,23,33,51,74,80
1986,9,,26,39,64,71,87
1986,8,,6,33,73,77,88
1986,7,,1,36,37,64,70
1986,6,,5,42,61,64,70
1986,5,,20,24,29,48,57
1986,4,,54,59,65,73,86
1986,3,,1,20,49,61,69
1986,2,,31,43,45,56,64
1986,1,,4,8,12,30,69
1985,52,,13,19,20,58,63
1985,51,,20,33,52,82,89
1985,50,,3,4,22,29,72
1985,49,,49,53,72,88,90
1985,48,,1,39,51,55,67
1985,47,,26,50,75,78,89
1985,46,,6,10,52,57,85
1985,45,,13,34,64,69,82
1985,44,,24,37,60,69,78
1985,43,,31,32,40,57,67
1985,42,,6,12,15,41,53
1985,41,,4,17,46,48,75
1985,40,,12,24,58,68,77
1985,39,,6,21,26,56,57
1985,38,,9,46,56,81,84
1985,37,,2,33,41,69,73
1985,36,,7,16,17,67,73
1985,35,,3,19,38,41,77
1985,34,,44,49,66,72,89
1985,33,,5,37,50,57,85
1985,32,,2,8,32,75,81
1985,31,,20,32,69,75,78
1985,30,,9,12,22,40,88
1985,29,,1,2,59,85,88
1985,28,,20,71,76,87,90
1985,27,,12,43,46,48,60
1985,26,,3,17,18,33,88
1985,25,,6,11,56,61,71
1985,24,,10,38,44,45,48
1985,23,,43,45,64,74,80
1985,22,,22,30,32,54,63
1985,21,,7,34,69,70,81
1985,20,,7,26,31,52,79
1985,19,,2,14,30,32,33
1985,18,,17,58,66,79,84
1985,17,,11,14,18,31,54
1985,16,,21,34,68,80,89
1985,15,,6,37,66,77,88
1985,14,,51,53,55,65,82
1985,13,,3,18,41,66,85
1985,12,,19,25,40,45,70
1985,11,,2,18,39,57,64
1985,10,,3,36,41,58,69
1985,9,,15,28,58,70,72
1985,8,,7,25,28,39,69
1985,7,,7,8,67,75,80
1985,6,,8,10,14,30,75
1985,5,,9,46,66,67,84
1985,4,,10,44,54,58,68
1985,3,,24,51,72,77,79
1985,2,,11,19,61,62,89
1985,1,,43,47,59,63,84
1984,52,,1,12,32,65,84
1984,51,,17,21,34,49,60
1984,50,,8,19,63,80,90
1984,49,,14,29,30,86,87
1984,48,,7,16,20,65,75
1984,47,,23,28,62,64,79
1984,46,,4,74,77,78,89
1984,45,,8,22,24,42,85
1984,44,,9,20,34,63,77
1984,43,,11,20,51,55,78
1984,42,,2,57,66,67,69
1984,41,,4,6,47,49,56
1984,40,,3,10,28,31,88
1984,39,,46,52,56,67,90
1984,38,,58,63,64,66,79
1984,37,,18,28,57,72,82
1984,36,,10,20,44,64,80
1984,35,,5,18,53,72,87
1984,34,,29,33,42,48,51
1984,33,,30,52,68,69,79
1984,32,,4,8,44,58,65
1984,31,,10,17,78,81,85
1984,30,,2,43,56,67,90
1984,29,,26,31,42,52,90
1984,28,,7,25,29,36,79
1984,27,,12,13,60,70,88
1984,26,,9,20,24,85,86
1984,25,,1,3,15,37,40
1984,24,,53,57,62,77,83
1984,23,,9,26,77,84,87
1984,22,,20,36,39,50,84
1984,21,,3,17,18,64,87
1984,20,,20,35,46,57,78
1984,19,,13,14,49,65,84
1984,18,,43,54,63,65,66
1984,17,,4,6,31,41,56
1984,16,,2,34,67,77,83
1984,15,,19,38,56,60,65
1984,14,,10,17,28,50,80
1984,13,,2,14,30,51,63
1984,12,,10,40,55,64,67
1984,11,,16,26,47,51,62
1984,10,,2,14,17,29,75
1984,9,,20,22,49,78,90
1984,8,,17,31,48,59,85
1984,7,,18,30,57,61,81
1984,6,,4,9,30,83,84
1984,5,,2,7,20,27,43
1984,4,,15,26,54,83,85
1984,3,,2,4,28,37,55
1984,2,,7,13,54,55,89
1984,1,,19,25,31,54,76
1983,52,,44,46,50,68,81
1983,51,,10,48,53,67,73
1983,50,,19,65,68,78,83
1983,49,,32,38,44,71,72
1983,48,,4,24,27,58,79
1983,47,,18,43,44,50,83
1983,46,,10,34,54,80,83
1983,45,,19,41,51,56,84
1983,44,,2,13,17,43,75
1983,43,,1,35,39,78,84
1983,42,,12,25,43,53,54
1983,41,,41,55,77,88,90
1983,40,,14,17,30,83,85
1983,39,,15,28,54,78,80
1983,38,,8,38,65,67,77
1983,37,,10,18,20,24,66
1983,36,,16,18,60,75,88
1983,35,,4,5,28,41,88
1983,34,,20,32,34,54,64
1983,33,,29,41,68,78,82
1983,32,,8,13,20,26,89
1983,31,,4,31,62,82,89
1983,30,,4,21,37,51,67
1983,29,,13,27,29,49,83
1983,28,,23,37,58,72,85
1983,27,,41,50,57,61,62
1983,26,,10,13,60,61,62
1983,25,,12,20,25,47,81
1983,24,,9,30,44,60,67
1983,23,,7,21,63,64,85
1983,22,,3,4,34,45,77
1983,21,,31,43,49,52,73
1983,20,,12,18,55,60,74
1983,19,,16,29,43,56,90
1983,18,,39,43,53,64,70
1983,17,,47,55,67,78,84
1983,16,,25,64,78,79,88
1983,15,,23,41,55,76,84
1983,14,,12,42,61,66,68
1983,13,,25,34,56,59,85
1983,12,,19,36,51,54,61
1983,11,,5,7,65,68,83
1983,10,,2,26,52,66,76
1983,9,,13,18,30,54,71
1983,8,,7,18,19,54,61
1983,7,,3,10,50,60,63
1983,6,,29,40,60,69,72
1983,5,,23,32,70,80,81
1983,4,,30,54,62,76,83
1983,3,,39,47,55,76,90
1983,2,,6,12,20,72,86
1983,1,,13,23,24,85,89
1982,53,,12,36,40,55,68
1982,52,,3,30,41,63,81
1982,51,,3,35,41,72,80
1982,50,,4,18,22,39,58
1982,49,,13,24,27,31,75
1982,48,,29,38,59,66,75
1982,47,,1,56,59,64,84
1982,46,,17,21,31,71,80
1982,45,,16,18,29,49,62
1982,44,,18,45,49,50,75
1982,43,,10,32,46,67,84
1982,42,,1,10,38,67,77
1982,41,,10,25,60,78,79
1982,40,,6,41,68,71,81
1982,39,,31,54,58,59,69
1982,38,,8,9,19,26,61
1982,37,,8,9,43,72,84
1982,36,,18,29,67,85,87
1982,35,,1,48,71,74,89
1982,34,,16,46,51,73,83
1982,33,,35,64,65,86,88
1982,32,,16,36,60,66,72
1982,31,,16,41,44,49,80
1982,30,,30,48,72,76,87
1982,29,,34,39,55,62,81
1982,28,,23,29,41,45,63
1982,27,,8,16,17,48,86
1982,26,,3,32,50,52,69
1982,25,,8,20,29,31,42
1982,24,,1,8,33,34,35
1982,23,,11,17,48,88,90
1982,22,,13,32,43,62,90
1982,21,,7,35,38,61,86
1982,20,,16,22,26,29,64
1982,19,,10,16,24,67,84
1982,18,,37,47,53,62,75
1982,17,,9,11,14,19,89
1982,16,,1,4,18,46,47
1982,15,,14,17,49,76,82
1982,14,,4,12,25,38,66
1982,13,,23,56,61,63,89
1982,12,,43,59,69,82,85
1982,11,,8,9,43,76,81
1982,10,,22,29,36,56,75
1982,9,,40,41,47,68,83
1982,8,,21,42,54,73,87
1982,7,,32,50,68,69,85
1982,6,,3,9,11,29,71
1982,5,,20,30,33,49,77
1982,4,,23,31,56,66,85
1982,3,,2,24,35,65,75
1982,2,,19,29,31,63,87
1982,1,,43,44,63,74,84
1981,52,,12,23,42,56,72
1981,51,,33,36,59,76,80
1981,50,,8,10,25,40,86
1981,49,,34,69,78,85,86
1981,48,,19,40,51,75,76
1981,47,,19,23,25,32,51
1981,46,,14,32,42,43,62
1981,45,,12,17,29,60,88
1981,44,,16,25,41,64,85
1981,43,,3,4,11,53,68
1981,42,,14,34,67,69,88
1981,41,,42,51,60,80,90
1981,40,,3,11,12,20,53
1981,39,,15,57,73,78,81
1981,38,,13,21,27,86,89
1981,37,,18,62,64,78,89
1981,36,,14,40,54,55,61
1981,35,,37,46,49,50,66
1981,34,,16,18,24,40,50
1981,33,,4,25,60,69,85
1981,32,,45,47,64,83,89
1981,31,,19,21,27,48,81
1981,30,,3,46,74,76,87
1981,29,,36,40,45,56,81
1981,28,,18,19,27,54,56
1981,27,,8,35,38,44,50
1981,26,,47,52,57,85,90
1981,25,,8,45,46,54,59
1981,24,,3,58,62,79,80
1981,23,,2,15,25,32,37
1981,22,,11,24,46,49,60
1981,21,,15,24,32,33,67
1981,20,,4,16,28,61,62
1981,19,,13,23,38,45,48
1981,18,,4,14,19,46,72
1981,17,,9,10,22,60,87
1981,16,,7,32,60,61,89
1981,15,,15,27,40,47,76
1981,14,,9,14,27,30,69
1981,13,,12,19,39,44,90
1981,12,,15,64,73,79,82
1981,11,,4,8,23,47,85
1981,10,,14,20,31,73,86
1981,9,,41,52,54,55,87
1981,8,,4,10,47,55,77
1981,7,,1,34,50,59,79
1981,6,,29,44,46,56,73
1981,5,,6,12,32,46,87
1981,4,,1,10,33,46,86
1981,3,,23,29,56,67,69
1981,2,,6,41,57,62,78
1981,1,,13,24,41,48,70
1980,52,,28,45,49,55,70
1980,51,,14,24,46,70,84
1980,50,,34,64,70,74,87
1980,49,,12,19,46,52,53
1980,48,,26,49,62,63,74
1980,47,,4,6,44,45,53
1980,46,,3,8,20,32,79
1980,45,,7,10,15,46,75
1980,44,,13,16,21,23,30
1980,43,,1,15,39,52,84
1980,42,,17,41,52,77,87
1980,41,,3,14,47,75,86
1980,40,,8,13,46,54,56
1980,39,,3,12,32,40,52
1980,38,,3,19,71,76,83
1980,37,,18,23,32,46,64
1980,36,,22,32,40,47,79
1980,35,,15,25,39,42,77
1980,34,,36,48,62,65,69
1980,33,,16,28,51,59,64
1980,32,,48,59,65,68,90
1980,31,,12,18,72,80,90
1980,30,,12,13,37,56,89
1980,29,,13,25,27,42,71
1980,28,,7,9,14,15,80
1980,27,,5,18,27,39,43
1980,26,,10,25,36,51,55
1980,25,,7,13,17,22,24
1980,24,,3,43,45,72,87
1980,23,,6,23,27,35,42
1980,22,,11,21,68,79,81
1980,21,,18,21,29,66,80
1980,20,,18,31,47,64,76
1980,19,,14,22,29,59,60
1980,18,,19,25,33,53,59
1980,17,,3,40,58,59,87
1980,16,,15,46,59,60,81
1980,15,,17,23,34,55,66
1980,14,,14,31,64,66,77
1980,13,,2,23,50,64,90
1980,12,,7,38,43,69,81
1980,11,,18,64,70,86,90
1980,10,,11,12,54,56,82
1980,9,,5,17,41,62,72
1980,8,,10,32,82,84,87
1980,7,,10,24,35,73,78
1980,6,,5,7,14,20,40
1980,5,,3,17,53,56,59
1980,4,,7,13,25,66,86
1980,3,,22,36,53,54,87
1980,2,,22,51,54,73,75
1980,1,,12,46,55,69,71
1979,52,,13,28,37,70,74
1979,51,,22,34,68,87,89
1979,50,,10,43,49,74,89
1979,49,,3,25,45,64,79
1979,48,,8,36,38,68,73
1979,47,,16,31,48,62,63
1979,46,,9,35,48,49,69
1979,45,,7,16,52,77,80
1979,44,,14,32,73,87,88
1979,43,,18,36,47,48,60
1979,42,,29,30,37,70,71
1979,41,,19,35,38,77,79
1979,40,,2,8,11,16,53
1979,39,,22,26,35,45,57
1979,38,,34,59,67,75,78
1979,37,,4,6,50,56,68
1979,36,,8,22,45,52,74
1979,35,,6,10,42,48,66
1979,34,,5,8,44,45,49
1979,33,,16,46,63,80,81
1979,32,,26,31,35,36,50
1979,31,,3,5,31,74,90
1979,30,,20,22,64,66,69
1979,29,,15,32,34,51,84
1979,28,,2,12,29,62,79
1979,27,,11,20,34,42,48
1979,26,,50,56,57,59,74
1979,25,,14,15,71,84,88
1979,24,,7,16,40,87,89
1979,23,,12,30,41,60,62
1979,22,,42,45,59,62,69
1979,21,,6,7,41,46,86
1979,20,,28,33,34,47,76
1979,19,,16,25,27,54,87
1979,18,,11,25,35,45,57
1979,17,,7,35,36,61,82
1979,16,,7,20,51,74,87
1979,15,,3,25,40,43,82
1979,14,,4,18,48,75,87
1979,13,,6,12,45,56,75
1979,12,,4,10,19,42,79
1979,11,,43,52,55,81,89
1979,10,,28,29,35,48,87
1979,9,,45,55,69,75,83
1979,8,,17,62,64,79,83
1979,7,,13,24,42,81,84
1979,6,,47,53,54,56,74
1979,5,,27,60,62,66,82
1979,4,,9,13,37,82,90
1979,3,,21,24,49,66,80
1979,2,,10,15,63,66,89
1979,1,,34,37,60,64,78
1978,52,,16,19,52,68,84
1978,51,,14,36,63,76,89
1978,50,,40,43,50,61,83
1978,49,,12,31,58,85,88
1978,48,,10,13,22,76,90
1978,47,,19,21,22,46,89
1978,46,,35,59,62,66,72
1978,45,,18,23,29,56,71
1978,44,,15,17,48,70,77
1978,43,,8,37,68,74,80
1978,42,,7,15,30,40,50
1978,41,,49,59,60,72,74
1978,40,,10,19,56,58,71
1978,39,,27,31,58,66,83
1978,38,,4,9,65,70,90
1978,37,,20,35,47,58,88
1978,36,,25,33,43,56,80
1978,35,,9,42,78,84,86
1978,34,,3,9,26,40,75
1978,33,,32,36,47,49,52
1978,32,,9,23,27,33,88
1978,31,,9,20,32,59,83
1978,30,,7,8,51,59,86
1978,29,,1,6,15,58,78
1978,28,,15,32,60,72,85
1978,27,,21,44,47,48,84
1978,26,,19,45,46,56,72
1978,25,,6,27,57,61,88
1978,24,,16,26,56,86,88
1978,23,,21,26,29,39,71
1978,22,,25,45,57,74,78
1978,21,,11,18,22,36,56
1978,20,,27,28,39,47,77
1978,19,,7,28,65,71,81
1978,18,,14,29,57,66,89
1978,17,,32,57,69,73,87
1978,16,,4,61,73,79,88
1978,15,,22,30,38,52,59
1978,14,,1,24,51,53,85
1978,13,,37,44,68,75,76
1978,12,,19,38,51,84,90
1978,11,,17,26,34,45,49
1978,10,,3,41,42,57,70
1978,9,,1,22,28,45,74
1978,8,,14,38,45,46,83
1978,7,,17,40,45,62,65
1978,6,,1,8,15,22,37
1978,5,,2,22,57,60,89
1978,4,,24,53,64,82,86
1978,3,,17,29,67,71,72
1978,2,,13,39,45,71,75
1978,1,,8,31,57,60,75
1977,52,,2,53,55,57,81
1977,51,,14,45,53,65,89
1977,50,,17,52,53,58,75
1977,49,,25,39,53,75,90
1977,48,,20,25,31,87,90
1977,47,,35,43,61,67,86
1977,46,,3,36,41,46,56
1977,45,,9,25,48,64,83
1977,44,,3,18,59,67,73
1977,43,,7,41,47,48,90
1977,42,,21,24,42,65,77
1977,41,,23,29,42,43,60
1977,40,,29,42,72,73,82
1977,39,,11,15,46,70,83
1977,38,,5,21,32,49,77
1977,37,,2,31,35,47,54
1977,36,,35,44,49,72,86
1977,35,,14,18,68,76,78
1977,34,,18,20,24,35,52
1977,33,,21,22,44,62,80
1977,32,,13,31,59,64,86
1977,31,,23,42,56,72,77
1977,30,,3,18,29,33,60
1977,29,,9,48,59,84,90
1977,28,,10,18,21,60,76
1977,27,,1,22,61,62,72
1977,26,,6,14,18,21,25
1977,25,,25,30,40,45,78
1977,24,,4,19,73,82,87
1977,23,,46,52,72,75,79
1977,22,,52,55,63,66,86
1977,21,,16,20,25,66,77
1977,20,,10,15,32,51,75
1977,19,,1,2,28,57,60
1977,18,,18,27,42,66,69
1977,17,,7,45,57,83,88
1977,16,,6,16,32,67,82
1977,15,,11,12,23,32,77
1977,14,,23,27,37,38,47
1977,13,,18,44,78,81,89
1977,12,,13,21,26,44,71
1977,11,,31,53,60,63,82
1977,10,,7,33,35,54,72
1977,9,,24,30,51,60,71
1977,8,,14,49,52,71,86
1977,7,,7,15,59,68,75
1977,6,,5,12,33,68,74
1977,5,,7,19,20,46,52
1977,4,,13,66,71,75,77
1977,3,,6,25,70,82,88
1977,2,,4,13,15,22,27
1977,1,,6,10,36,51,56
1976,53,,4,14,21,24,72
1976,52,,3,25,67,69,89
1976,51,,6,47,57,72,75
1976,50,,14,38,47,87,89
1976,49,,32,58,70,76,80
1976,48,,26,41,48,56,67
1976,47,,22,56,58,64,86
1976,46,,48,51,55,81,88
1976,45,,10,24,43,50,84
1976,44,,23,59,63,81,89
1976,43,,3,12,20,29,36
1976,42,,17,20,52,55,65
1976,41,,5,45,58,68,73
1976,40,,32,34,37,72,86
1976,39,,6,12,16,27,41
1976,38,,32,39,55,67,69
1976,37,,1,3,44,49,69
1976,36,,18,21,31,46,61
1976,35,,6,35,73,81,90
1976,34,,35,41,64,75,76
1976,33,,13,15,29,52,64
1976,32,,11,36,50,64,87
1976,31,,16,20,53,85,86
1976,30,,1,7,28,34,65
1976,29,,2,5,8,19,51
1976,28,,9,15,30,41,89
1976,27,,3,45,66,81,87
1976,26,,7,10,34,42,74
1976,25,,7,10,14,17,47
1976,24,,8,25,37,56,83
1976,23,,1,5,28,56,88
1976,22,,3,7,16,42,84
1976,21,,11,21,38,49,50
1976,20,,15,50,64,79,88
1976,19,,2,3,6,8,30
1976,18,,1,9,34,52,66
1976,17,,11,28,35,39,63
1976,16,,19,32,52,72,81
1976,15,,6,7,10,50,70
1976,14,,5,23,51,78,81
1976,13,,33,58,64,66,77
1976,12,,2,21,73,74,85
1976,11,,6,9,21,60,75
1976,10,,7,26,32,81,85
1976,9,,52,58,60,83,87
1976,8,,39,55,64,85,86
1976,7,,7,44,55,66,88
1976,6,,35,43,64,83,84
1976,5,,9,11,36,60,85
1976,4,,42,54,66,75,90
1976,3,,14,24,42,61,77
1976,2,,8,11,36,39,71
1976,1,,42,60,62,74,89
1975,52,,50,53,67,88,90
1975,51,,21,54,82,84,90
1975,50,,1,9,19,23,73
1975,49,,6,7,9,33,88
1975,48,,3,19,29,49,73
1975,47,,4,10,28,47,77
1975,46,,6,41,53,66,72
1975,45,,33,41,45,77,83
1975,44,,9,11,54,72,90
1975,43,,2,17,29,60,71
1975,42,,25,43,48,61,81
1975,41,,18,23,40,70,76
1975,40,,10,12,16,60,87
1975,39,,16,43,54,78,79
1975,38,,2,49,79,81,88
1975,37,,27,28,46,49,73
1975,36,,4,13,28,72,77
1975,35,,8,26,39,89,90
1975,34,,3,12,29,50,77
1975,33,,13,44,47,75,86
1975,32,,12,15,27,40,62
1975,31,,3,23,57,58,82
1975,30,,10,30,42,50,51
1975,29,,37,43,50,70,84
1975,28,,24,40,42,44,71
1975,27,,12,16,20,37,47
1975,26,,17,50,58,65,84
1975,25,,2,8,59,63,82
1975,24,,35,36,52,81,86
1975,23,,31,55,65,69,86
1975,22,,12,22,50,76,85
1975,21,,6,34,36,67,89
1975,20,,5,10,37,56,71
1975,19,,1,15,34,36,53
1975,18,,4,43,50,54,65
1975,17,,17,22,24,29,59
1975,16,,4,37,62,72,85
1975,15,,3,56,61,85,89
1975,14,,4,8,33,47,84
1975,13,,5,21,39,61,76
1975,12,,20,24,37,54,90
1975,11,,13,41,43,85,88
1975,10,,10,26,44,54,73
1975,9,,3,14,29,33,59
1975,8,,1,3,11,19,84
1975,7,,21,37,39,56,77
1975,6,,17,26,38,84,86
1975,5,,12,20,29,38,40
1975,4,,16,35,39,40,42
1975,3,,1,34,57,58,61
1975,2,,3,13,38,69,71
1975,1,,5,15,41,66,86
1974,52,,35,50,52,83,86
1974,51,,1,23,52,61,87
1974,50,,31,39,41,63,74
1974,49,,16,30,32,50,74
1974,48,,11,33,35,38,54
1974,47,,22,49,54,81,88
1974,46,,8,14,56,70,86
1974,45,,7,21,51,63,87
1974,44,,14,44,46,48,67
1974,43,,18,29,33,39,75
1974,42,,15,25,65,77,90
1974,41,,43,45,67,71,83
1974,40,,22,32,38,45,59
1974,39,,8,27,36,77,83
1974,38,,40,42,52,61,75
1974,37,,17,41,59,68,84
1974,36,,9,13,17,19,89
1974,35,,33,40,69,88,89
1974,34,,41,53,58,82,90
1974,33,,28,47,65,68,84
1974,32,,9,43,53,79,81
1974,31,,5,29,33,69,82
1974,30,,2,16,34,68,79
1974,29,,11,20,71,79,80
1974,28,,43,56,64,69,81
1974,27,,5,15,50,63,78
1974,26,,35,47,57,71,86
1974,25,,16,24,57,77,86
1974,24,,1,49,53,75,86
1974,23,,8,27,49,76,81
1974,22,,6,15,41,48,84
1974,21,,3,8,22,39,55
1974,20,,10,22,72,75,80
1974,19,,2,3,43,47,80
1974,18,,22,23,67,79,81
1974,17,,10,34,47,84,85
1974,16,,13,34,47,48,73
1974,15,,31,33,54,62,85
1974,14,,22,39,43,44,52
1974,13,,12,21,42,60,84
1974,12,,6,14,37,46,54
1974,11,,41,51,58,65,76
1974,10,,34,36,54,58,87
1974,9,,13,33,48,75,76
1974,8,,50,56,67,78,82
1974,7,,2,17,20,22,33
1974,6,,6,12,14,30,45
1974,5,,29,30,38,43,73
1974,4,,29,42,46,50,57
1974,3,,18,20,35,51,72
1974,2,,22,29,56,73,83
1974,1,,10,23,41,54,75
1973,52,,24,31,36,71,78
1973,51,,11,41,48,56,81
1973,50,,17,42,61,79,82
1973,49,,8,32,51,77,87
1973,48,,21,23,26,37,38
1973,47,,3,25,36,48,85
1973,46,,6,36,44,46,86
1973,45,,10,52,61,78,84
1973,44,,16,42,71,76,90
1973,43,,3,38,46,59,83
1973,42,,6,10,57,60,75
1973,41,,9,12,13,46,51
1973,40,,4,41,70,74,83
1973,39,,2,12,22,60,68
1973,38,,9,51,52,79,84
1973,37,,18,24,43,52,63
1973,36,,4,8,35,42,61
1973,35,,3,28,44,58,61
1973,34,,4,15,23,29,51
1973,33,,26,35,65,74,79
1973,32,,6,45,49,69,71
1973,31,,51,52,67,68,87
1973,30,,18,27,37,40,59
1973,29,,21,30,34,42,62
1973,28,,23,27,45,76,86
1973,27,,5,8,13,48,90
1973,26,,15,55,65,84,88
1973,25,,55,77,78,80,83
1973,24,,4,42,44,63,77
1973,23,,26,58,60,77,90
1973,22,,9,31,48,77,78
1973,21,,35,41,74,79,83
1973,20,,19,55,56,58,77
1973,19,,13,34,53,63,67
1973,18,,58,64,75,80,88
1973,17,,4,11,57,65,69
1973,16,,18,23,38,52,55
1973,15,,10,22,32,75,78
1973,14,,5,6,25,56,63
1973,13,,20,28,35,78,86
1973,12,,23,25,60,81,89
1973,11,,10,23,66,67,84
1973,10,,3,59,72,75,90
1973,9,,6,19,21,72,75
1973,8,,8,39,42,45,66
1973,7,,1,5,8,23,41
1973,6,,7,8,62,65,71
1973,5,,20,52,55,56,68
1973,4,,14,16,21,34,84
1973,3,,2,5,24,48,61
1973,2,,1,5,12,35,89
1973,1,,3,15,17,29,74
1972,52,,1,32,52,56,69
1972,51,,4,8,19,36,56
1972,50,,11,14,35,56,77
1972,49,,13,27,48,57,75
1972,48,,27,29,30,31,71
1972,47,,15,42,48,75,81
1972,46,,30,39,46,73,80
1972,45,,11,53,68,72,73
1972,44,,21,39,50,82,89
1972,43,,4,18,38,46,74
1972,42,,3,7,14,48,51
1972,41,,15,44,49,54,62
1972,40,,33,54,64,66,81
1972,39,,3,46,52,72,78
1972,38,,10,16,51,53,72
1972,37,,5,8,27,32,49
1972,36,,12,79,83,88,89
1972,35,,20,43,46,68,74
1972,34,,10,44,58,66,73
1972,33,,28,42,54,56,66
1972,32,,9,10,11,73,90
1972,31,,43,51,60,79,84
1972,30,,3,9,10,77,85
1972,29,,24,34,52,74,76
1972,28,,3,31,45,50,77
1972,27,,15,24,41,54,79
1972,26,,16,58,73,83,89
1972,25,,4,66,68,76,84
1972,24,,5,22,34,62,70
1972,23,,18,31,69,70,77
1972,22,,10,19,65,80,86
1972,21,,24,46,47,53,90
1972,20,,17,19,36,55,77
1972,19,,11,12,35,59,71
1972,18,,23,51,52,75,81
1972,17,,3,16,26,57,77
1972,16,,26,27,59,76,79
1972,15,,13,41,52,71,76
1972,14,,7,8,17,50,65
1972,13,,20,24,31,57,73
1972,12,,10,26,36,37,77
1972,11,,10,64,68,73,75
1972,10,,6,8,22,23,64
1972,9,,2,13,20,29,66
1972,8,,20,36,41,44,60
1972,7,,33,45,53,55,59
1972,6,,4,38,43,51,83
1972,5,,15,18,31,32,86
1972,4,,16,23,24,72,85
1972,3,,18,57,65,70,72
1972,2,,40,43,64,75,88
1972,1,,6,21,40,48,73
1971,53,,19,46,58,65,82
1971,52,,2,49,69,71,78
1971,51,,3,18,22,32,61
1971,50,,13,47,49,57,75
1971,49,,15,25,40,51,60
1971,48,,17,27,34,40,71
1971,47,,22,44,53,55,69
1971,46,,13,17,18,47,67
1971,45,,1,20,46,53,55
1971,44,,15,19,37,49,61
1971,43,,9,20,23,55,62
1971,42,,6,19,54,58,60
1971,41,,28,46,58,59,78
1971,40,,13,15,31,32,82
1971,39,,2,13,43,74,77
1971,38,,28,31,47,84,87
1971,37,,15,22,60,66,80
1971,36,,13,33,84,85,87
1971,35,,2,9,10,19,82
1971,34,,56,63,77,80,82
1971,33,,8,50,64,67,86
1971,32,,6,7,16,25,78
1971,31,,3,14,33,52,80
1971,30,,2,22,47,80,89
1971,29,,13,52,56,75,76
1971,28,,2,3,20,62,66
1971,27,,7,9,19,49,89
1971,26,,17,35,58,67,87
1971,25,,2,26,41,47,64
1971,24,,23,32,36,54,87
1971,23,,15,18,54,59,64
1971,22,,6,23,27,37,59
1971,21,,40,43,54,80,81
1971,20,,35,49,56,65,75
1971,19,,24,33,46,61,67
1971,18,,3,15,21,22,53
1971,17,,8,29,60,63,85
1971,16,,17,19,68,74,85
1971,15,,36,45,56,76,88
1971,14,,38,52,58,84,86
1971,13,,25,36,61,81,82
1971,12,,14,18,67,87,88
1971,11,,4,15,22,35,86
1971,10,,17,54,73,86,89
1971,9,,38,57,61,67,69
1971,8,,4,23,62,77,81
1971,7,,23,42,45,84,89
1971,6,,7,34,52,53,80
1971,5,,7,25,41,48,56
1971,4,,2,33,48,52,54
1971,3,,6,12,32,34,80
1971,2,,29,37,74,81,87
1971,1,,29,44,48,72,88
1970,52,,23,28,37,54,76
1970,51,,11,23,37,39,64
1970,50,,27,40,55,65,70
1970,49,,8,31,37,61,72
1970,48,,10,17,19,23,47
1970,47,,22,24,29,74,82
1970,46,,19,38,43,63,90
1970,45,,20,49,50,79,84
1970,44,,18,24,27,46,61
1970,43,,13,44,63,85,86
1970,42,,4,10,39,44,76
1970,41,,16,41,65,80,82
1970,40,,25,33,37,46,65
1970,39,,26,32,56,64,86
1970,38,,1,44,55,61,66
1970,37,,15,16,33,62,78
1970,36,,14,24,30,58,61
1970,35,,4,7,25,70,78
1970,34,,22,30,33,36,90
1970,33,,2,12,28,63,79
1970,32,,5,12,62,75,90
1970,31,,19,23,25,53,79
1970,30,,3,10,23,84,87
1970,29,,44,47,48,55,60
1970,28,,1,25,62,70,73
1970,27,,39,50,51,59,72
1970,26,,11,35,51,53,90
1970,25,,3,34,38,40,65
1970,24,,12,15,42,45,87
1970,23,,5,17,77,86,89
1970,22,,8,49,53,64,78
1970,21,,6,33,73,76,87
1970,20,,3,13,15,56,75
1970,19,,8,47,65,77,88
1970,18,,4,62,73,79,84
1970,17,,44,45,49,56,90
1970,16,,11,13,40,55,56
1970,15,,55,72,73,77,87
1970,14,,4,42,44,72,81
1970,13,,20,21,29,36,67
1970,12,,21,24,42,57,66
1970,11,,10,18,57,64,80
1970,10,,10,19,31,73,79
1970,9,,29,34,44,74,81
1970,8,,6,11,19,25,76
1970,7,,25,34,49,68,75
1970,6,,3,39,69,76,81
1970,5,,26,53,61,70,83
1970,4,,25,34,46,51,53
1970,3,,3,16,19,57,67
1970,2,,12,33,34,46,87
1970,1,,15,30,34,44,47
1969,52,,13,47,66,73,75
1969,51,,7,47,50,72,79
1969,50,,34,47,49,51,56
1969,49,,7,11,13,76,79
1969,48,,55,69,72,73,78
1969,47,,2,61,69,78,84
1969,46,,25,26,30,40,86
1969,45,,7,41,53,86,88
1969,44,,14,34,46,57,69
1969,43,,22,25,59,64,76
1969,42,,18,19,35,44,86
1969,41,,24,44,60,64,79
1969,40,,45,57,69,86,90
1969,39,,10,58,60,82,87
1969,38,,20,24,41,84,88
1969,37,,3,8,26,36,65
1969,36,,21,22,56,84,86
1969,35,,24,32,40,83,89
1969,34,,3,11,42,53,56
1969,33,,8,20,22,56,89
1969,32,,17,21,49,63,80
1969,31,,13,30,39,47,77
1969,30,,21,57,69,85,86
1969,29,,29,40,51,56,74
1969,28,,16,38,50,51,84
1969,27,,16,35,57,70,74
1969,26,,8,12,32,37,47
1969,25,,18,31,40,49,72
1969,24,,3,34,43,57,59
1969,23,,3,27,53,61,78
1969,22,,4,18,37,77,90
1969,21,,28,46,61,63,90
1969,20,,6,21,25,60,65
1969,19,,30,54,59,84,85
1969,18,,4,41,50,71,86
1969,17,,48,51,58,65,69
1969,16,,24,58,63,76,87
1969,15,,1,21,76,86,87
1969,14,,28,39,41,58,65
1969,13,,5,46,61,85,90
1969,12,,33,42,48,64,79
1969,11,,23,33,57,73,82
1969,10,,39,40,48,74,85
1969,9,,2,34,36,50,65
1969,8,,7,14,69,86,90
1969,7,,31,37,40,47,71
1969,6,,2,42,70,71,82
1969,5,,28,48,63,72,74
1969,4,,20,61,77,83,86
1969,3,,2,3,62,63,66
1969,2,,2,22,33,37,40
1969,1,,9,50,67,75,78
1968,52,,10,69,70,76,87
1968,51,,14,20,42,43,90
1968,50,,37,41,58,60,69
1968,49,,29,32,75,77,83
1968,48,,2,46,58,68,78
1968,47,,12,18,48,71,77
1968,46,,28,48,68,80,88
1968,45,,10,15,24,43,65
1968,44,,6,12,33,68,69
1968,43,,3,13,24,35,43
1968,42,,13,46,56,73,79
1968,41,,28,35,42,51,79
1968,40,,38,64,83,85,90
1968,39,,20,24,71,77,87
1968,38,,31,32,53,55,64
1968,37,,6,20,47,49,65
1968,36,,40,42,47,76,85
1968,35,,6,8,26,44,50
1968,34,,9,30,35,45,71
1968,33,,22,25,28,71,77
1968,32,,17,23,41,52,63
1968,31,,12,15,25,38,61
1968,30,,17,36,71,73,90
1968,29,,33,34,84,86,88
1968,28,,3,7,30,33,83
1968,27,,36,52,60,69,76
1968,26,,1,18,60,79,81
1968,25,,3,9,14,73,86
1968,24,,4,26,38,44,86
1968,23,,10,24,33,41,87
1968,22,,3,16,74,75,86
1968,21,,11,12,57,83,86
1968,20,,44,49,70,72,78
1968,19,,4,7,19,25,65
1968,18,,10,15,35,41,56
1968,17,,23,27,33,75,88
1968,16,,16,38,49,50,82
1968,15,,18,21,27,31,85
1968,14,,7,8,10,15,69
1968,13,,6,11,27,69,85
1968,12,,21,67,71,78,86
1968,11,,21,38,68,70,90
1968,10,,9,24,39,65,69
1968,9,,15,16,25,42,50
1968,8,,22,48,57,66,67
1968,7,,9,16,37,55,68
1968,6,,6,16,47,84,89
1968,5,,36,42,53,56,63
1968,4,,8,11,33,61,83
1968,3,,12,27,32,49,67
1968,2,,13,24,27,30,69
1968,1,,15,28,36,54,62
1967,52,,1,29,51,52,88
1967,51,,4,22,25,77,90
1967,50,,6,20,28,46,80
1967,49,,61,78,80,81,86
1967,48,,24,46,48,70,85
1967,47,,6,20,23,65,68
1967,46,,11,24,25,34,72
1967,45,,33,38,39,75,81
1967,44,,21,26,37,71,89
1967,43,,23,37,63,81,85
1967,42,,6,7,46,56,57
1967,41,,10,39,54,72,73
1967,40,,5,11,35,53,84
1967,39,,4,58,75,84,88
1967,38,,39,55,72,74,76
1967,37,,23,34,69,79,84
1967,36,,12,42,44,78,84
1967,35,,22,67,68,72,81
1967,34,,16,40,54,82,86
1967,33,,4,8,22,27,75
1967,32,,3,6,40,47,48
1967,31,,1,44,57,60,82
1967,30,,6,11,15,38,51
1967,29,,18,24,51,74,90
1967,28,,20,41,49,56,64
1967,27,,2,36,46,49,56
1967,26,,21,35,48,52,60
1967,25,,50,67,74,75,85
1967,24,,14,18,50,65,82
1967,23,,2,12,26,42,71
1967,22,,10,11,13,56,79
1967,21,,20,44,54,63,69
1967,20,,38,42,67,71,76
1967,19,,38,56,62,70,84
1967,18,,19,29,69,72,89
1967,17,,34,68,71,72,75
1967,16,,11,14,31,51,67
1967,15,,23,45,71,76,90
1967,14,,26,35,53,61,64
1967,13,,1,51,66,68,83
1967,12,,38,64,67,74,78
1967,11,,19,25,47,64,77
1967,10,,11,33,65,68,78
1967,9,,14,55,66,67,76
1967,8,,3,5,57,80,85
1967,7,,13,21,31,73,82
1967,6,,11,29,54,73,74
1967,5,,29,39,54,64,90
1967,4,,4,7,29,79,82
1967,3,,13,19,43,49,90
1967,2,,3,26,30,45,78
1967,1,,29,35,64,83,87
1966,52,,2,13,21,36,70
1966,51,,1,37,43,56,86
1966,50,,65,67,70,71,89
1966,49,,24,29,55,56,65
1966,48,,4,25,28,62,82
1966,47,,13,40,49,82,85
1966,46,,30,32,45,46,77
1966,45,,1,14,17,54,84
1966,44,,14,43,59,85,90
1966,43,,10,12,27,29,84
1966,42,,3,35,44,69,75
1966,41,,14,25,26,28,83
1966,40,,16,45,74,78,79
1966,39,,35,49,64,69,72
1966,38,,5,7,12,65,74
1966,37,,6,26,57,63,79
1966,36,,25,37,51,60,87
1966,35,,61,65,66,83,86
1966,34,,13,19,35,37,66
1966,33,,2,31,36,43,84
1966,32,,9,20,23,52,53
1966,31,,26,27,45,53,69
1966,30,,45,49,71,78,86
1966,29,,21,42,47,69,74
1966,28,,19,23,54,56,61
1966,27,,1,6,7,16,44
1966,26,,41,60,66,68,84
1966,25,,24,26,57,75,90
1966,24,,13,21,32,38,41
1966,23,,1,18,28,70,71
1966,22,,3,5,58,67,72
1966,21,,8,10,22,32,36
1966,20,,12,23,47,59,66
1966,19,,4,7,24,29,30
1966,18,,19,44,50,62,70
1966,17,,33,54,71,76,84
1966,16,,4,17,42,63,85
1966,15,,37,43,60,66,83
1966,14,,42,69,74,85,89
1966,13,,14,42,53,67,79
1966,12,,13,29,66,71,77
1966,11,,4,17,39,49,89
1966,10,,51,59,64,75,86
1966,9,,7,8,15,50,80
1966,8,,23,69,80,83,87
1966,7,,23,29,68,71,86
1966,6,,35,48,60,70,89
1966,5,,23,28,30,41,45
1966,4,,12,17,39,51,89
1966,3,,5,41,62,82,83
1966,2,,3,38,59,65,83
1966,1,,55,61,75,81,90
1965,53,,4,16,37,41,69
1965,52,,3,16,72,76,77
1965,51,,50,53,54,61,79
1965,50,,21,36,38,47,50
1965,49,,12,25,39,86,88
1965,48,,13,69,76,86,88
1965,47,,5,32,36,38,49
1965,46,,7,19,28,56,90
1965,45,,41,59,67,72,84
1965,44,,9,33,50,79,86
1965,43,,12,16,29,67,72
1965,42,,7,14,18,40,63
1965,41,,24,28,68,70,74
1965,40,,12,18,67,78,82
1965,39,,6,7,16,27,51
1965,38,,17,29,32,33,73
1965,37,,46,47,55,73,80
1965,36,,14,42,46,77,82
1965,35,,6,42,44,57,80
1965,34,,7,12,27,41,88
1965,33,,18,37,41,58,74
1965,32,,10,33,47,70,81
1965,31,,12,31,39,45,84
1965,30,,14,28,60,69,80
1965,29,,34,36,38,46,56
1965,28,,8,21,61,65,76
1965,27,,17,21,29,59,66
1965,26,,3,29,34,61,62
1965,25,,19,61,62,74,82
1965,24,,12,28,45,62,68
1965,23,,11,45,51,63,65
1965,22,,9,13,55,66,69
1965,21,,9,34,48,55,65
1965,20,,12,14,38,63,72
1965,19,,27,35,49,50,74
1965,18,,15,19,29,47,64
1965,17,,14,39,44,48,60
1965,16,,13,23,67,77,83
1965,15,,15,24,31,36,77
1965,14,,1,3,60,75,81
1965,13,,6,30,34,36,64
1965,12,,4,21,51,84,90
1965,11,,15,43,62,66,70
1965,10,,4,26,62,73,86
1965,9,,23,39,43,45,80
1965,8,,38,41,51,83,85
1965,7,,3,16,34,46,89
1965,6,,7,20,34,67,76
1965,5,,5,12,36,75,79
1965,4,,23,55,66,67,74
1965,3,,2,14,31,47,56
1965,2,,26,56,65,69,84
1965,1,,2,24,47,75,78
1964,52,,11,23,39,50,64
1964,51,,7,24,44,51,73
1964,50,,13,17,33,43,44
1964,49,,28,33,34,40,81
1964,48,,2,10,41,60,62
1964,47,,3,8,21,68,84
1964,46,,8,29,53,87,89
1964,45,,6,30,51,79,87
1964,44,,16,51,56,63,66
1964,43,,20,42,52,53,87
1964,42,,32,37,53,84,90
1964,41,,6,39,45,56,79
1964,40,,14,22,47,75,77
1964,39,,11,16,33,53,86
1964,38,,42,47,50,65,70
1964,37,,8,44,47,48,71
1964,36,,12,29,42,62,69
1964,35,,3,50,60,77,85
1964,34,,18,21,55,68,77
1964,33,,13,21,60,71,89
1964,32,,16,25,41,47,55
1964,31,,18,20,40,79,82
1964,30,,1,22,67,76,83
1964,29,,23,30,43,52,64
1964,28,,34,38,43,60,89
1964,27,,28,75,78,82,83
1964,26,,9,18,32,48,75
1964,25,,17,40,83,84,87
1964,24,,2,9,19,62,64
1964,23,,20,37,64,68,78
1964,22,,26,49,59,76,82
1964,21,,40,42,51,58,75
1964,20,,42,66,67,72,85
1964,19,,13,21,33,49,90
1964,18,,29,40,52,58,59
1964,17,,14,24,33,52,81
1964,16,,13,43,49,59,61
1964,15,,10,23,26,45,62
1964,14,,1,9,20,27,41
1964,13,,3,26,41,67,86
1964,12,,10,14,40,46,86
1964,11,,22,34,47,77,80
1964,10,,6,31,66,79,87
1964,9,,1,22,59,67,72
1964,8,,6,33,43,50,51
1964,7,,2,10,49,66,84
1964,6,,1,2,9,47,60
1964,5,,25,35,38,49,73
1964,4,,31,34,56,69,84
1964,3,,29,43,63,68,81
1964,2,,1,10,12,31,70
1964,1,,22,23,32,42,76
1963,52,,28,38,45,68,83
1963,51,,6,18,31,60,62
1963,50,,12,28,81,82,85
1963,49,,20,25,56,73,74
1963,48,,23,24,37,50,52
1963,47,,17,30,60,70,82
1963,46,,3,31,52,54,63
1963,45,,36,55,73,74,81
1963,44,,18,19,43,54,85
1963,43,,31,40,41,55,68
1963,42,,9,51,59,73,75
1963,41,,13,17,28,50,66
1963,40,,6,10,18,28,86
1963,39,,32,37,50,63,67
1963,38,,39,50,72,75,81
1963,37,,17,22,27,30,37
1963,36,,12,32,48,50,63
1963,35,,42,45,67,78,88
1963,34,,1,35,59,79,84
1963,33,,8,12,34,37,81
1963,32,,1,2,33,51,88
1963,31,,28,33,51,56,70
1963,30,,12,23,38,61,63
1963,29,,21,35,36,48,60
1963,28,,5,47,70,80,87
1963,27,,5,25,44,82,87
1963,26,,13,24,41,47,86
1963,25,,12,28,37,51,79
1963,24,,22,33,50,62,69
1963,23,,3,18,20,41,49
1963,22,,12,21,26,56,86
1963,21,,7,10,18,47,68
1963,20,,1,25,46,48,49
1963,19,,13,60,72,75,88
1963,18,,38,51,64,74,81
1963,17,,11,29,35,44,67
1963,16,,6,22,26,50,55
1963,15,,22,34,50,64,81
1963,14,,20,36,39,43,51
1963,13,,1,3,25,69,73
1963,12,,34,42,53,54,80
1963,11,,10,39,71,76,81
1963,10,,18,47,65,75,89
1963,9,,7,14,15,45,82
1963,8,,33,40,42,69,74
1963,7,,32,33,68,73,84
1963,6,,11,15,19,57,69
1963,5,,4,29,31,35,90
1963,4,,2,3,12,78,88
1963,3,,3,9,15,32,63
1963,2,,24,34,54,81,90
1963,1,,7,17,57,70,73
1962,52,,41,47,49,59,65
1962,51,,18,25,27,34,51
1962,50,,9,12,32,34,35
1962,49,,21,49,62,63,90
1962,48,,13,28,44,46,90
1962,47,,6,18,53,61,64
1962,46,,29,34,36,59,80
1962,45,,2,17,32,50,85
1962,44,,2,13,30,40,59
1962,43,,14,19,22,65,78
1962,42,,6,20,26,47,66
1962,41,,20,53,59,72,89
1962,40,,18,39,41,62,72
1962,39,,12,26,47,58,82
1962,38,,1,46,55,66,70
1962,37,,1,17,23,59,65
1962,36,,10,23,24,57,83
1962,35,,25,46,52,57,75
1962,34,,3,9,55,64,74
1962,33,,12,22,30,56,67
1962,32,,3,19,65,86,88
1962,31,,15,19,36,53,55
1962,30,,30,41,45,59,72
1962,29,,34,38,42,73,77
1962,28,,6,35,73,76,82
1962,27,,30,47,67,70,75
1962,26,,23,59,66,72,74
1962,25,,32,45,49,55,70
1962,24,,2,14,36,42,76
1962,23,,17,21,64,71,78
1962,22,,5,10,58,84,88
1962,21,,11,34,52,65,85
1962,20,,19,23,52,77,89
1962,19,,4,35,38,55,88
1962,18,,11,30,53,68,77
1962,17,,19,49,65,71,82
1962,16,,10,18,60,68,76
1962,15,,32,40,65,76,88
1962,14,,15,50,57,64,70
1962,13,,1,17,36,53,76
1962,12,,38,43,61,73,87
1962,11,,25,36,44,58,90
1962,10,,1,19,30,39,82
1962,9,,1,39,58,70,87
1962,8,,14,35,37,58,87
1962,7,,17,24,38,39,53
1962,6,,17,58,69,83,87
1962,5,,3,10,36,40,43
1962,4,,3,28,43,46,86
1962,3,,23,28,47,50,73
1962,2,,5,69,71,81,89
1962,1,,22,31,66,77,86
1961,52,,37,46,53,73,81
1961,51,,8,11,25,34,62
1961,50,,14,53,65,74,82
1961,49,,3,12,14,51,53
1961,48,,4,31,72,82,85
1961,47,,11,15,56,58,79
1961,46,,53,60,61,85,90
1961,45,,5,33,34,57,72
1961,44,,22,40,42,51,55
1961,43,,38,48,54,56,68
1961,42,,3,9,21,29,76
1961,41,,12,21,77,84,85
1961,40,,27,56,70,80,89
1961,39,,18,42,62,69,71
1961,38,,3,10,46,70,83
1961,37,,5,12,32,47,66
1961,36,,7,18,24,63,70
1961,35,,9,10,22,36,66
1961,34,,4,5,42,52,64
1961,33,,16,18,33,37,76
1961,32,,8,24,28,38,82
1961,31,,13,60,64,69,90
1961,30,,5,21,33,68,86
1961,29,,22,45,67,68,73
1961,28,,35,38,43,56,80
1961,27,,39,56,69,75,76
1961,26,,28,48,57,66,73
1961,25,,53,61,67,76,83
1961,24,,21,36,42,65,74
1961,23,,15,25,49,51,81
1961,22,,5,19,26,43,60
1961,21,,13,15,67,79,82
1961,20,,14,18,36,55,85
1961,19,,11,21,32,50,77
1961,18,,1,15,33,35,49
1961,17,,2,5,67,73,87
1961,16,,7,12,36,44,84
1961,15,,11,28,51,63,85
1961,14,,28,38,45,46,75
1961,13,,23,33,48,63,73
1961,12,,35,39,45,47,87
1961,11,,3,26,46,65,81
1961,10,,14,26,49,58,81
1961,9,,14,18,27,47,77
1961,8,,9,45,53,74,80
1961,7,,5,10,15,28,39
1961,6,,14,23,57,82,86
1961,5,,11,31,36,58,79
1961,4,,7,27,62,66,67
1961,3,,18,47,55,71,82
1961,2,,34,68,69,87,88
1961,1,,13,22,43,45,77
1960,53,,17,24,34,35,45
1960,52,,5,15,34,53,78
1960,51,,28,44,57,88,90
1960,50,,40,51,60,66,71
1960,49,,24,31,57,66,78
1960,48,,9,43,46,60,67
1960,47,,14,22,48,75,81
1960,46,,14,19,47,49,61
1960,45,,17,20,35,44,62
1960,44,,9,15,46,48,89
1960,43,,1,3,35,42,72
1960,42,,8,13,49,57,59
1960,41,,3,11,51,53,69
1960,40,,18,34,58,70,71
1960,39,,5,46,49,52,59
1960,38,,14,19,54,64,87
1960,37,,45,50,75,86,88
1960,36,,26,49,64,65,86
1960,35,,8,17,51,67,78
1960,34,,25,35,75,79,85
1960,33,,5,10,37,54,78
1960,32,,1,41,44,51,61
1960,31,,6,39,42,52,71
1960,30,,6,9,31,35,70
1960,29,,7,8,15,23,61
1960,28,,9,11,29,78,86
1960,27,,20,22,24,25,42
1960,26,,29,32,51,63,70
1960,25,,29,45,49,61,74
1960,24,,37,45,75,77,81
1960,23,,4,49,54,76,90
1960,22,,5,6,55,75,89
1960,21,,60,69,76,77,88
1960,20,,7,22,40,74,78
1960,19,,29,30,39,55,60
1960,18,,4,26,34,55,83
1960,17,,21,29,30,38,81
1960,16,,38,42,44,76,80
1960,15,,6,11,53,59,83
1960,14,,13,15,41,55,65
1960,13,,8,29,32,80,83
1960,12,,12,29,48,70,71
1960,11,,8,13,37,73,75
1960,10,,1,16,35,44,82
1960,9,,29,47,49,71,90
1960,8,,10,15,29,39,47
1960,7,,13,14,23,25,39
1960,6,,3,37,61,70,74
1960,5,,3,11,27,39,82
1960,4,,6,25,30,32,48
1960,3,,21,42,71,75,83
1960,2,,12,29,37,40,41
1960,1,,1,6,27,49,68
1959,52,,1,2,47,53,56
1959,51,,6,20,23,54,90
1959,50,,5,23,33,34,37
1959,49,,2,15,18,44,72
1959,48,,33,34,51,64,71
1959,47,,13,18,26,34,46
1959,46,,14,20,29,33,34
1959,45,,12,15,69,80,84
1959,44,,16,54,55,63,79
1959,43,,3,10,20,71,86
1959,42,,1,9,37,54,57
1959,41,,4,16,33,49,84
1959,40,,3,10,59,72,80
1959,39,,37,58,67,78,85
1959,38,,1,7,10,35,89
1959,37,,5,25,35,36,57
1959,36,,13,49,52,66,67
1959,35,,10,28,30,59,83
1959,34,,36,46,49,68,74
1959,33,,1,53,68,73,78
1959,32,,5,19,50,62,75
1959,31,,17,28,48,54,81
1959,30,,13,26,45,77,86
1959,29,,2,19,29,84,90
1959,28,,11,17,65,69,75
1959,27,,10,19,32,55,68
1959,26,,37,61,71,77,85
1959,25,,9,18,29,56,80
1959,24,,19,51,65,84,89
1959,23,,27,38,62,72,83
1959,22,,5,25,41,52,89
1959,21,,4,6,20,23,66
1959,20,,2,12,56,80,84
1959,19,,12,22,29,33,69
1959,18,,5,17,45,53,65
1959,17,,4,6,23,42,89
1959,16,,5,28,33,58,77
1959,15,,3,26,27,31,49
1959,14,,8,27,34,51,86
1959,13,,2,31,38,54,61
1959,12,,7,9,52,59,89
1959,11,,42,65,68,75,78
1959,10,,7,13,34,87,89
1959,9,,2,31,48,75,87
1959,8,,14,20,50,73,74
1959,7,,3,70,73,77,82
1959,6,,7,34,42,45,52
1959,5,,7,8,22,39,75
1959,4,,6,39,53,66,79
1959,3,,5,40,42,79,80
1959,2,,21,32,73,77,83
1959,1,,3,4,13,79,86
1958,52,,4,37,40,66,70
1958,51,,19,29,51,64,79
1958,50,,31,37,53,54,76
1958,49,,8,57,63,75,77
1958,48,,1,5,31,34,57
1958,47,,23,31,42,71,74
1958,46,,22,25,82,83,87
1958,45,,30,32,43,53,58
1958,44,,17,23,29,45,81
1958,43,,20,36,74,80,90
1958,42,,4,17,38,67,74
1958,41,,1,15,35,46,49
1958,40,,4,9,23,50,83
1958,39,,9,20,23,56,90
1958,38,,31,45,65,71,74
1958,37,,7,23,26,70,88
1958,36,,10,38,51,67,89
1958,35,,22,29,64,83,90
1958,34,,4,14,26,67,74
1958,33,,3,8,20,21,38
1958,32,,28,44,48,78,88
1958,31,,4,36,51,69,72
1958,30,,15,17,41,56,84
1958,29,,9,14,21,59,70
1958,28,,24,58,67,70,84
1958,27,,6,34,52,82,83
1958,26,,12,21,55,70,83
1958,25,,25,82,84,85,88
1958,24,,14,15,25,56,59
1958,23,,30,52,56,76,83
1958,22,,20,21,24,37,71
1958,21,,7,24,37,44,84
1958,20,,12,18,38,56,58
1958,19,,7,15,24,38,43
1958,18,,42,62,69,78,89
1958,17,,19,36,43,51,87
1958,16,,13,49,71,77,80
1958,15,,16,28,42,44,68
1958,14,,22,35,54,64,87
1958,13,,6,20,27,69,86
1958,12,,6,37,41,60,79
1958,11,,23,44,51,71,82
1958,10,,24,43,62,82,85
1958,9,,23,28,56,69,77
1958,8,,16,18,36,78,82
1958,7,,1,7,16,41,60
1958,6,,51,64,67,73,87
1958,5,,13,41,47,80,87
1958,4,,18,24,46,63,85
1958,3,,13,41,43,51,74
1958,2,,22,28,36,61,81
1958,1,,1,10,43,54,75
1957,52,,6,9,69,73,81
1957,51,,9,19,24,32,78
1957,50,,7,26,59,73,80
1957,49,,3,11,27,38,77
1957,48,,8,67,74,85,86
1957,47,,11,15,21,60,90
1957,46,,14,19,27,37,57
1957,45,,1,4,26,46,71
1957,44,,32,36,79,87,90
1957,43,,17,40,72,76,83
1957,42,,2,8,16,34,45
1957,41,,1,50,66,73,77
1957,40,,7,13,57,69,71
1957,39,,5,8,46,63,73
1957,38,,11,27,53,67,71
1957,37,,24,54,64,77,80
1957,36,,39,74,76,78,80
1957,35,,33,46,49,82,88
1957,34,,37,40,48,65,70
1957,33,,19,24,27,61,68
1957,32,,8,17,34,51,76
1957,31,,4,14,22,38,86
1957,30,,1,25,49,62,75
1957,29,,17,25,44,48,73
1957,28,,9,13,24,54,63
1957,27,,9,14,26,60,81
1957,26,,1,12,13,15,26
1957,25,,49,51,56,81,88
1957,24,,9,12,45,65,89
1957,23,,3,33,46,59,75
1957,22,,16,38,40,65,73
1957,21,,20,55,64,73,75
1957,20,,7,52,58,62,67
1957,19,,5,27,45,46,48
1957,18,,12,19,35,42,64
1957,17,,3,5,19,20,48
1957,16,,7,12,24,30,75
1957,15,,23,26,33,37,66
1957,14,,26,33,38,47,53
1957,13,,7,9,19,42,66
1957,12,,8,12,24,26,85
1957,11,,1,49,64,67,71
1957,10,,16,61,71,77,89
